Year,Albania,Algeria,Angola,Argentina,Australia,Austria,Bahrain,Bangladesh,Belgium,Bolivia,Botswana,Brazil,Brunei Darussalam,Bulgaria,Burkina Faso,Cambodia,Cameroon,Canada,Chile,China,Colombia,Cyprus,Denmark,Dominican Republic,Ecuador,"Egypt, Arab Rep.",El Salvador,Eswatini,Ethiopia,Fiji,Finland,France,Germany,Ghana,Greece,Guatemala,Hungary,India,Indonesia,"Iran, Islamic Rep.",Ireland,Israel,Italy,Jamaica,Japan,Jordan,Kenya,"Korea, Rep.",Kuwait,Lebanon,Lesotho,Luxembourg,Madagascar,Malawi,Malaysia,Malta,Mauritius,Mexico,Mongolia,Morocco,Mozambique,Namibia,Nepal,Netherlands,New Zealand,Nigeria,Norway,Oman,Pakistan,Papua New Guinea,Paraguay,Peru,Philippines,Poland,Portugal,Romania,Rwanda,Saudi Arabia,Senegal,Seychelles,Sierra Leone,Singapore,South Africa,South Asia,South Asia (IDA & IBRD),Spain,Sri Lanka,Sub-Saharan Africa,Sub-Saharan Africa (IDA & IBRD countries),Sub-Saharan Africa (excluding high income),Sweden,Switzerland,Tanzania,Thailand,Tunisia,Turkiye,Uganda,United Kingdom,United States,Uruguay,"Venezuela, RB"
1990,5.8883007196812,1.46107058594342,17.4636666666667,1.45090921225786,2.07590585971773,1.19566026670559,5.28479154433353,1.22316502629369,2.35544045891723,2.81588331884607,4.44515803477224,2.36384102519699,6.43773526926327,3.83344348975545,2.70489296636086,2.07137559385002,1.4745666126807,1.95879374221417,3.40165485912065,2.45401611552735,1.86015929954807,7.3740356129737,1.95075703504915,0.67572938756657,1.89032378813401,3.4676995357893,3.41366598744942,1.27597457759347,9.6579698086295,2.10875525984723,1.5633514986376,2.80526762706676,2.51843270660831,0.276510427354999,3.79826032707078,1.72801156281599,2.56353802709041,3.14621461029962,1.41049291967411,2.94265012534759,1.20350328404375,12.362686187267,1.8807984132592,0.840785086389815,0.941791766132693,7.75106758278973,2.88821495785942,4.00230428922186,48.5172672672673,7.55195134313229,3.55047598830801,0.788344680855924,1.23151104450381,1.30860569241997,2.55540346486845,0.914918012232462,0.346095334685598,0.433081035474032,4.28138537530827,4.14882504070243,5.86129753914989,6.42100268859719,1.07715440550785,2.36901988510143,2.32777974713459,0.833115305550364,2.88622689429437,12.3909414645003,6.52232023523122,1.4191337327407,2.13187585625298,2.68237879230488,2.14724666740931,2.61248574350627,1.840828125429,4.54741504925103,3.72916598371212,14.0242926458954,1.63346898573868,4.02623150831173,1.3066466691906,4.63214447298365,3.89635147817926,3.29523249020975,3.29523249020975,2.29330520898016,2.32848743256346,3.66784265641364,3.66784265641364,3.66742994313505,2.46222087771384,1.57214718757236,2.04648408015958,2.59425018891255,1.83945658886675,3.52770569378721,2.96852622114122,3.983217694585,5.60517529438794,3.52740166449266,1.51803655572423
1991,5.79127042184833,1.21083405924608,7.1025,1.50692655529635,2.16804285831077,1.15421711847241,5.70375064815348,1.21442280200769,2.28769284712482,2.6883248571772,4.60346992729676,1.96333333333333,6.40435012461295,3.04323157297492,2.16686926732236,2.32789658450414,1.51455169920463,1.89544433858064,2.8498427672956,2.31124341155315,1.85348178319724,7.26477612246644,1.95468015000635,0.348155032228406,1.77836016473231,3.61174470420041,2.73257745456787,1.38451659383859,5.70513154467309,2.16678825384228,1.78123103649322,2.81213643806721,1.99783498818879,0.368975044988862,3.484865109943,1.26843726414995,2.16146979946364,2.90997432764267,1.32406418395881,2.16970796657052,1.25393531255992,15.5869829136602,1.85885268375554,0.75852456763707,0.940821904384541,9.97308956172497,2.35425808983553,3.71112784107967,117.34982320869,5.15488867376573,2.88884695541125,0.811385163106724,1.29634905775571,1.07573010425435,3.19928362097037,0.871119892244603,0.367421785897981,0.435402300782292,3.2315351247489,4.14284293740367,2.61203208488343,5.61525495153814,1.09660964850338,2.24853153093843,2.25633669360145,0.773691292368809,2.74748719588206,11.0639102916896,6.57095278815428,0.924685894061952,2.8293270046069,2.01981593068921,2.01072106794016,2.25165022520211,1.82995478165992,4.77333466430117,5.50917220341816,12.4698079910217,1.54705556651557,4.42401898893995,2.03645709213082,4.44835667304419,3.22263389360805,3.21302870103258,3.21302870103258,2.12919223112803,3.082087848635,2.9557642433669,2.9557642433669,2.95418536570425,2.31988463219988,1.53782488553083,2.18177801099174,2.64502481409377,1.83370852776507,3.75436424807973,2.50799847648067,4.11680242273171,4.88342939776313,2.39471219270806,1.84033527682396
1992,4.6708878237371,2.14013212989672,5.68283054258138,1.42122223348777,2.16874608012627,1.09921407158669,5.8780719923865,1.36050314985351,1.83233253009366,2.50611883346961,4.48280904912553,1.52152886115445,6.24514478073449,2.97263384321224,2.04965156794425,3.14593301435407,1.53260561383612,1.86168769986295,2.62851046938573,2.44954206753443,2.10667794255338,9.12928604418491,1.88937728533689,0.559086816093422,1.66720659929361,3.21550063172359,2.25357678228633,1.63271154292264,3.44170834936514,1.84041410651212,1.90713101160862,2.69066071063176,1.86047994113579,0.377347219697109,3.62980089042347,1.47262037513846,2.1796531721192,2.70483970561409,1.35687600701146,1.78930544437356,1.20411854985202,10.925077527679,1.75197698347487,1.1078382456987,0.948312440331709,6.92424871901399,1.90074676245392,3.69027269027269,31.7860244470914,7.98399831561217,2.70645352476235,0.827198401049985,0.769921868015948,1.40248604299682,2.98642173584104,0.973183398963503,0.35442407333599,0.469454655731209,1.90943719983615,4.29804827877283,2.96844542513086,4.25041876046901,1.07468976820417,2.21300259630903,2.06936622865826,0.564010709444363,2.96470027529897,12.1840929027946,6.69818754925138,0.890351343106268,2.36888997739081,2.50703504732668,2.03646157033354,2.23099944320713,1.80524410002279,4.24768251683067,4.29060212378114,11.2841579833052,1.4439999325024,4.72738733060195,2.68691069093003,4.47136864604274,2.81765061454765,3.10669994738445,3.10669994738445,2.04280367601027,3.36763990096007,2.34179953012772,2.34179953012772,2.33852655280524,2.33879088257987,1.52370927239544,2.10603925919978,2.65742287815579,1.70612587759433,3.87056650021036,1.65917772135475,3.86471776641263,4.97046680768284,2.84951481234276,1.64347885019412
1993,3.19945106674965,2.50563157717782,17.5225890755741,1.42280290057293,2.17802988646311,1.11558454134251,5.36985516733492,1.42939051496523,1.73596589343319,1.91634980988593,4.93349197298009,1.92792281498297,5.74023173528116,2.60927161179391,1.86252988480765,1.76128949875169,1.32612455061139,1.82175350392748,2.70692293725521,1.92806687404062,2.52526701829097,4.07495260499477,1.9071976696874,0.755070036358464,1.82142150069293,3.09773699249923,1.67872879014223,1.74804676490152,3.07168835064302,1.80855931911651,1.86801150656572,2.68953480643636,1.69353832263442,0.421951639889914,3.60012469561704,1.26706017134887,1.90656828980965,2.82354224568723,1.22355780893698,1.70036120174971,1.13922514870102,11.5232439907469,1.7867679733127,0.821906410171071,0.950663824755226,6.97710941703805,1.83774159512733,3.41789483823914,12.4402191802041,6.01127876848041,2.47547266258969,0.707154433830032,1.12232401680386,1.26297539274604,2.87524536278848,1.00196104784451,0.330254201972496,0.442785493894955,1.71236270542572,4.65557168740476,2.87088387025103,2.46452375833154,1.05055255388421,2.02782940845455,1.89912384560739,0.933218301724012,2.68734984456601,11.5257307019735,6.42731262310377,0.917458233626881,2.17854766482964,2.74610246918215,2.15753564016657,2.46918731544486,1.78650706580181,2.74060801469377,4.53637540088899,12.4653722820651,1.66830404428701,2.75961340736171,2.08012107124639,4.09176493399803,2.49552369800039,3.19436485488102,3.19436485488102,2.0118717370405,3.43178565351856,2.47036917037193,2.47036917037193,2.46995497680583,2.26371080409098,1.36696434518412,1.37927837082884,2.52482449877102,1.73211395510226,3.9214172544983,1.93136675611518,3.59064951247979,4.60435029507644,2.79239845208779,2.14525385503951
1994,2.54781906037648,3.14643001210165,5.70928069083604,1.45703853325047,2.11659858893427,1.09445307622703,5.11130218782841,1.52902366386599,1.67714315012305,2.25030123424626,4.00812039559554,2.016007789121,5.98247135891837,2.49261728620574,1.42288472939781,3.84234290025109,1.31034009188973,1.69668025731865,2.59754498264789,1.69347959870483,2.50840701347047,4.02398919595774,1.77010988336089,0.733765624039859,1.55934346817278,3.15393465100637,1.35222117942445,1.818089820086,2.86843870238978,1.70263727299194,1.75560359540335,2.66037496035159,1.55027643275389,0.426586695929125,3.58197232877289,1.1785345993652,1.82413438385634,2.66467372708604,1.26615561718382,2.07301000512615,1.10873259118524,10.1199658353758,1.71374275955101,0.629920602685154,0.922871800066077,6.53945701855829,1.64125280758672,3.19275266895546,13.259238782833,6.99771316563215,2.74112240996011,0.741561435509644,0.926473487088508,1.42188006792208,2.84711528130931,1.02405911504141,0.333145557537633,0.51883032705709,1.65435558131062,4.49381938880623,3.30350171181452,1.7512338730626,0.973315396353707,1.91306097545144,1.82870805982045,0.781452287737133,2.73313708243107,11.766452600004,5.92354829296761,1.01320529871609,2.04676637090921,2.47419793989292,2.17244658668699,2.27323210335054,1.68121275838708,3.11472840805896,3.437876960193,10.644781673538,1.34761973804184,2.4436854517362,1.99116887023699,3.79143512807907,2.56196590060566,2.98548139412796,2.98548139412796,2.00133740218861,3.72933805803649,2.02936867049457,2.02936867049457,2.02876891226032,2.13146621280382,1.33228409403183,1.29411406473615,2.50238335344718,1.74212321164965,4.05135933699201,2.01578234788366,3.38193371776532,4.2152646751779,2.57770556975008,1.59074692484412
1995,2.05358735905793,2.93502710736712,4.70739276826233,1.47307310721151,2.02131256804327,1.07323205206951,5.18323179048832,1.56669314074255,1.56575215144642,2.09616225791141,3.50647971949777,1.86213698033379,5.47726596521598,2.37413128378025,1.38304269392664,3.57731057861843,1.25164483851881,1.55409007114777,2.56206462916649,1.68623388691537,2.83162658057701,3.04103421492608,1.6853146650741,0.549477867602509,2.34132011021456,3.08203623414837,1.17505832785871,1.69333926177873,2.22561605430131,1.6257873899244,1.42254149924916,2.49249618936836,1.49502201427653,0.335747716894977,3.17319019644845,1.08042737364637,1.32472748303328,2.57848357246069,1.22630986064236,2.15416588498039,1.01435938826102,7.91874390646774,1.46784314334637,0.538709243142773,0.916876617063548,4.45424850464514,1.64671623136492,2.8923329861881,13.5815813052368,6.71192798911137,3.24188937641956,0.595326878183646,0.859887969729569,0.790559173717009,2.7513451070467,0.842358247918523,0.332825601093285,0.450891531237052,1.62050592646532,4.34741049396921,1.46048234605694,1.94789863056824,0.941485114634425,1.79424050457827,1.81534784641762,0.483558767048935,2.30749103957538,10.9676477238468,5.82022528285793,0.775516093293818,2.2834245690128,2.63532409935627,2.29413153545476,1.95550705469987,1.70698985615926,2.61344768528808,0.607802874743326,9.27846839011516,1.31009911066192,2.28118026283164,1.96929162657653,4.17879788368962,2.11786404667743,2.98526793346878,2.98526793346878,1.91702239465122,5.86113224274153,1.52423507320552,1.52423507320552,1.5233070150578,1.75340503836864,1.35581088252354,1.62721403741102,2.2737823729037,1.74470758582503,3.90164973474904,2.10151053274244,2.85419949053587,3.8602457917389,2.71463667452926,1.54906215977261
1996,1.37902962734156,3.0940883958553,2.44784815671705,1.24122726437626,1.93044006740518,1.04968297742271,5.27393976376237,1.5390735944898,1.54010265143452,1.98680754250518,2.89952149833484,1.65484349950291,6.24949383149313,2.40293410901733,1.28708847039697,3.23845458339129,1.22483788338251,1.40375258106455,2.44932089847955,1.65272667000964,4.44539325396431,4.52471482889734,1.64481665845606,0.633651609977827,1.95039752732418,2.97481186979645,1.07440915279515,1.65257773101622,2.11713848911382,1.42424634501108,1.53047227121301,2.41447395059335,1.46585845994395,0.286903633491311,3.31191328182087,0.895717413539242,1.25906103979783,2.4727682254674,1.26439252827808,2.24486451064281,0.989927158967187,7.72965418733875,1.58849227935037,0.567656626792595,0.911247075685009,6.02691751674709,1.4179547033567,2.74347966333348,10.2926484718519,5.66185242685313,2.82467366309587,0.587036047449911,1.23763444173934,0.88346812069005,2.40056437500985,0.8748123692217,0.293390184375287,0.476484777906755,1.77694736936813,3.94909292657436,1.11168167118259,1.90360402371594,0.900716314535601,1.75660773571403,1.78188148485178,0.406177811568832,2.1630749742096,9.40707829017925,6.03716630506556,1.01731136644028,2.06378993670781,2.50202659772583,2.2684076761575,1.96791940080864,1.60164392895377,2.36907292563377,5.32855611635214,8.46807775904447,1.24391793737025,2.09574851017878,1.35295037022412,4.25331403898939,1.75587879819291,2.89032319135792,2.89032319135792,1.81443901615473,5.51978316113981,1.21360784154905,1.21360784154905,1.21268017551663,1.48460287619292,1.28375680158363,1.55535029886083,2.15152508135528,1.86753522903203,4.13969694261893,2.21091090169168,2.72459232198324,3.55498220635218,2.80593839042227,1.03948338355238
1997,1.28308078036268,3.63740346813324,5.97226820719497,1.14013911131295,1.86733439499343,1.04643398189713,5.06848741255812,1.57166792587459,1.47697579587888,2.27361030066829,3.19720462718414,1.57768831551774,7.18396455211652,2.4307013549238,1.41705504471596,3.00336116231161,1.30124174610687,1.24624320151167,2.49820192394138,1.63265067284541,2.80178788575936,5.573910769889,1.61596120506505,0.796926406823975,2.10417123484069,2.84148521846447,1.00776620629422,1.49483917047487,3.3431774775412,1.36495958076192,1.53515505066012,2.37540965314127,1.40930173264786,0.287938176197836,3.36586889039913,0.74281794332224,1.47668440278226,2.64773242601716,1.49774173762735,2.49887472505777,0.92406612738302,7.47926785987447,1.62669279946621,0.655054826817414,0.920437898126436,6.13150620936661,1.34063859838611,2.66338780772064,8.0864758714549,4.30515463917526,2.71217734729986,0.613890040125864,1.48191235942607,0.991556075150474,2.08555865079224,0.824691193662375,0.2340788927524,0.458095853691372,1.63873482170006,4.19265940634305,1.10274139236448,2.30135514297654,0.880707845982183,1.65927318261403,1.7039708435896,0.435835755422039,2.01607957074415,9.3579111585516,5.6212164889017,1.0753537542736,1.68568030658609,1.99676996833552,1.9144613761672,2.03130669657497,1.54115692093072,3.01764996200519,4.17352561260538,11.0009354234167,1.1969122297618,2.02481003710903,0.764916648015189,4.45003647708667,1.58213355671958,2.9312613859959,2.9312613859959,1.72281567944182,4.63060207374592,1.21402593222443,1.21402593222443,1.21312871690736,1.90897589896416,1.22086410342116,1.54354453955173,2.17392250470724,1.72638454432232,4.10367223056831,2.11670724007935,2.56014877225605,3.40556224418855,2.39972074691363,1.79528505216579
1998,1.23824256064749,3.96567378793071,2.64201188106298,1.13631802186333,1.87112181310612,1.01807286299799,5.33310395251817,1.56753519839217,1.46391926511004,2.69111085956905,3.77939884443731,1.66229191975824,7.52984389348026,2.45305914743146,1.2763626403725,2.66204789979779,1.39650943786737,1.25629390156868,2.58983722621321,1.65508069090551,3.44098574204708,4.67631794591642,1.60802638812534,0.780062374149808,2.35723486474882,2.65938329094369,0.922942907935975,1.64720895062658,7.27693614895529,1.25918886595729,1.46317555780765,2.22620830652768,1.39089478616645,0.334707661290323,3.53386881535161,0.720839850994178,1.2721641748015,2.72731141679376,1.01911684387405,2.62907924769004,0.823869515994083,6.98021666560999,1.64450887913205,0.544947828971664,0.938594774652954,6.27462165100982,1.22012251882916,2.79444200391705,8.79655979257573,4.02325225638672,2.85192846653195,0.63992050413869,1.34892749207597,0.813639842029948,1.60533534809333,0.731471858138656,0.202814817776534,0.450450487249782,1.90653754569999,3.4563343607373,1.13921166552746,2.32183724519666,0.927055460453057,1.5806480613385,1.69528017523824,0.548312392864221,2.15673766669647,8.21609216715177,5.4150950442544,0.87922032066839,1.54315371528311,2.01666134194933,1.69729337975318,2.01908131442398,1.42261228762117,3.00417486391887,4.37764728159408,14.3110374500593,1.17914185452607,1.73291558768129,1.02470222872405,5.21105296070909,1.38316672312245,2.96317506414332,2.96317506414332,1.75731994886122,4.64346408117958,1.2210220179777,1.2210220179777,1.22037619179069,1.87262378757035,1.18520390139366,1.60197154683142,1.85636828124458,1.67797151546674,3.18450090852014,2.44235581316614,2.49596227501881,3.20155849896996,2.2581336824168,1.58855520454273
1999,1.24921009885957,3.75507998270644,17.334692213616,1.22035954754993,1.88923574072912,0.980246123382213,5.50362154366541,1.58483439104611,1.38583555922092,2.13328709491197,3.09207375530236,1.64547466656987,6.13041835206517,2.64517195633853,1.38553138632928,2.51002908172038,1.44385239060644,1.24170306410258,2.7136315935113,1.87146591412577,3.76274205786296,2.73385096955161,1.56485472255403,0.81624388755279,1.75192504601763,2.56976747814276,0.920549239593538,1.68450591336061,9.50694268259021,1.13180634323429,1.22310377157804,2.17784297022174,1.39507435456434,0.333671099852227,3.36046994465272,0.675600759866063,1.43361259969176,2.95719564743412,0.810812654015076,2.40455173780106,0.750676498659298,6.53012330164809,1.68329979808882,0.511051526418673,0.94524833744442,6.28223322141843,1.18697414805458,2.49257721979611,7.59022387888794,4.77043929225137,3.56245119166974,0.57140192589808,1.21022921655833,0.811014470541655,2.10148156029312,0.683654672499048,0.208135283363803,0.460988775566099,1.8350123058221,2.42076323622306,1.24586939078367,3.12403306903887,0.947369575132442,1.58982542582888,1.61934201810554,0.855415630326234,2.03910557145363,7.51678821932738,5.18989926490607,0.691394522292367,1.38876785203796,1.93063071870992,1.61577584612539,1.90113577122386,1.42584248484356,2.64025926740376,4.44810543657331,11.3819360225849,1.20212680514523,1.78292544212037,1.74034004536642,5.20735398793435,1.27205293062738,3.0867476555933,3.0867476555933,1.75523458900652,4.0301638395602,1.898146267874,1.898146267874,1.89835576905362,1.86594944512673,1.08621220546806,1.48766265966724,1.62379763252113,1.55607575730874,3.88901737403665,2.65573403225382,2.42290959332375,3.08567678324746,2.3944609705068,1.43719900378467
2000,1.24636024189216,3.43339396144052,6.39260315427404,1.14882267666887,1.82984191251005,0.98031858008593,3.96167096884853,1.3571191812402,1.34121027642881,2.0629715134384,3.19124295081058,1.73072614713627,4.06920549004446,2.65245576158903,1.23804638062972,2.20981320983564,1.32474886472414,1.11434980213748,2.68861588559481,1.83575968454189,3.03168353865852,2.82209015133954,1.45744405054744,1.03009647155323,1.45207595274333,2.55126513982739,0.840331038102095,1.43520579097508,7.61384390577726,1.75624341841376,1.24114750368778,2.08501824480333,1.35888303317903,0.4436304,3.46535532008881,0.918401634718749,1.51310022700998,2.94892990622572,0.684483763500435,2.29504222152572,0.695697742113547,6.29716498346273,1.74105950432123,0.486319761296974,0.915985609742523,6.25655642564826,1.31374203224597,2.45731751955534,7.15014865654555,5.39210030383447,3.28492612837033,0.54411854308622,1.21751390900084,0.672638828685643,1.63467554804841,0.625517348678825,0.200718816089576,0.446047820449759,2.02248060815309,2.68517230679106,1.28445790695832,2.70673279864922,0.962150318323636,1.43400434064074,1.66874210670411,0.543531645186578,1.7058318732318,7.08570878292736,4.16872271381496,0.639107654317662,1.24493945384649,1.78896684869544,1.60822662086796,1.83033658531361,1.4064679631307,2.49891418426016,3.53550295857988,10.5344033130193,1.04836027705155,1.67933282099451,2.51215561780176,4.51888629365982,1.38728913141799,3.04149948155863,3.04149948155863,1.72551798839458,5.03387296841704,1.65434492417349,1.65434492417349,1.65430307499488,1.82306740738699,1.02928011745958,1.48726401206321,1.48811161651995,1.5479040325129,3.66109466979562,1.76460770822564,2.3727966452319,3.11224214697679,2.43597728787045,1.52657012884905
2001,1.30929137475594,3.82070450190438,4.52435381521461,1.18423354187058,1.87009387891872,0.908240040709509,4.14808163198998,1.28842277551655,1.27650416647228,2.3204467435097,3.83122303260369,1.95188244532532,3.8863976083707,2.86251954387639,1.1555150239697,1.77481053144373,1.29036003475657,1.13335628281332,2.64704915196781,1.98308624365796,3.32387281880532,3.15322215947894,1.53238072045298,1.21349605211345,1.56937598177954,2.98556856033807,1.09067003863398,1.29003645312602,4.34902077753107,1.82458369041641,1.14451283258445,2.03069528996546,1.3234383027941,0.264452812963597,3.25141285622817,1.05206292918867,1.57012709014657,2.9244355462896,0.572792652704213,2.41817929679324,0.703517156269364,6.50806312310061,1.67936473768145,0.504358949501446,0.931672842050063,5.89307853514787,1.50475490196078,2.42787774091322,7.70062608489699,5.44789624491027,2.74417802299373,0.680287079761237,1.43584760245284,0.738822048464015,2.0849228116252,0.666917449365587,0.194580389102996,0.442657003961602,1.78165840784985,3.72613588276971,1.24217123946881,3.00874087986708,1.09833438437267,1.43790686912329,1.58130142358851,0.780315876986167,1.70454145987594,8.19564037118769,3.87893394479455,0.547294852305232,1.07463481723327,1.75202012964839,1.4713788325538,1.90563800121799,1.44450317171971,2.4207451879196,3.39622641509434,11.4190048869926,1.11566749250516,1.77826552168784,2.74252734280679,4.82624999921862,1.48316101798605,2.94704613164021,2.94704613164021,1.62958403293614,4.28699058949232,1.64654557395866,1.64654557395866,1.64630899002203,1.77729825439474,0.991880080138388,1.45160464399204,1.42988520327266,1.52111247336458,3.60345707482735,1.68324514574881,2.41112210130721,3.12380980266703,2.50257766217716,1.55510791113255
2002,1.32003449433204,3.70080481117892,2.86993244512575,1.09188047859748,1.87396462061393,0.88352783657309,4.61110660635053,1.04836646260037,1.21571220776463,1.99033371462944,4.11020648951656,1.89577119915617,3.87078275829112,2.77967655484011,1.17793497700006,1.51961740524652,1.33850675603337,1.11686914736943,2.53154294246795,2.05936465293746,3.41712762358197,2.1301607353618,1.50814985204971,1.05891921128922,1.76889198532555,3.27845479650374,1.13023872990524,1.30378651591846,3.71938809903571,1.5485667306433,1.15463722865486,2.04625799037992,1.32795812092343,0.260305614783227,3.07737457530621,0.762245026054294,1.59377380209258,2.82686683045838,0.700120208801041,2.17457636612743,0.634013720386081,6.59401334001594,1.7061872461629,0.585431033566746,0.940357539781883,5.44601446661176,1.63240781121287,2.31547437727618,7.39919407029019,4.75330090340514,2.5163929527429,0.586825535638613,1.31316157379668,0.423822864518439,2.21913139689937,0.635846067295531,0.196270033883066,0.421606002464969,1.79556721143698,3.49178799247956,1.27363564169322,2.61784537918538,1.44764998035493,1.42655601162955,1.45440984523588,0.95433804485135,2.08059193132079,8.10066565457833,4.07377016787657,0.371637931460894,0.97123693298858,1.54184022087652,1.47389018793368,1.90063864932514,1.46402023240966,2.28729607547664,3.04893350062735,9.75806380053797,1.10124043617179,1.67737547090833,2.16461761611263,4.92498628742409,1.52930955872386,2.86302712015906,2.86302712015906,1.45597370162444,3.34258944021437,1.67581115292105,1.67581115292105,1.6758082662006,1.64115454047208,0.956388349764947,1.30259845652854,1.32827955528117,1.49264292624339,3.79592688113795,1.63467473652418,2.48565967470705,3.44761809928778,2.53014006008996,1.15337359551171
2003,1.33684292419802,3.25122327361346,3.76147907354734,1.06089505704838,1.84628968871455,0.913640318789259,4.65883280302628,1.00263309760624,1.21498815616525,2.14548339823865,4.00736658870518,1.50347763554507,3.71141961800389,2.69120147161229,1.0730553376671,1.44751885069459,1.3838069976001,1.11193730688338,2.70297150997137,1.99628893565843,3.46398869081496,1.98516312435716,1.46685124979903,0.764145027120822,2.2785533646602,3.17728527009726,0.841381284888912,1.47095407871897,3.23884273442423,1.48650087420329,1.44685726264926,2.0956804128006,1.31692486502826,0.30375830974791,2.49389475249858,0.815655342525256,1.64262159438689,2.67777693222748,0.909285036773652,2.4050402653569,0.587540935936822,6.48640597347599,1.70899553724228,0.581596297588658,0.940046609654355,6.00105948173936,1.65009984272562,2.32866461778874,6.54392425039453,4.67569110879715,2.36900091916458,0.60717994174289,1.32475732452129,0.408792459950684,2.61480673115727,0.630122908756666,0.187102773867202,0.405916546649963,1.50969431652769,3.49420754151271,1.28094221116848,2.62491288264622,1.59225110118825,1.44380959809676,1.38993411515534,0.570707544874932,1.97485448684346,7.96203498651595,4.09142718735613,0.345763181450338,0.825755371784335,1.5094994978724,1.55084482917909,1.90804203657513,1.43269340811947,2.08848713354877,2.44712990936556,8.68711846455737,1.11544277826225,1.73431637499016,2.05395298767045,4.86964764804806,1.4688112381823,2.74583481474881,2.74583481474881,1.42254439300681,2.86891182725842,1.45203865145249,1.45203865145249,1.45164891911095,1.59678996943608,0.926630419400856,1.07430696847071,1.23290567713875,1.48388570363995,3.29604717264126,1.69168784576439,2.55206201518244,3.82716104473623,2.23754532184395,1.18269062721142
2004,1.38115794211088,3.28389520417622,3.47118018672779,0.883295358833529,1.82741076940486,0.893480466242935,4.04492884796012,0.99885977372525,1.14927213880449,1.89650330503014,3.50587404134874,1.46126840890621,2.53273008763096,2.3737116819405,1.20700576570117,1.29674221175357,1.4016038318718,1.10418939142687,2.71229040717924,1.93850823279804,3.46501517406307,1.9557691617927,1.42370423392813,0.687618052138186,1.9403327987762,2.87753123653597,0.810214431044768,1.54133090916197,3.07265040654432,1.58387595253995,1.47016356457354,2.10435083527246,1.26895739640399,0.277570912276859,2.60567252971209,0.479416089056921,1.47272381889096,2.82875224798105,0.945714621727218,2.83455780463948,0.568322292110072,6.35803511317661,1.68267326961679,0.53596996755953,0.926604015973528,5.14172128874042,1.61419423692636,2.33106488784499,5.80446088589746,4.51424506886149,2.13166293812828,0.611235470879585,1.2482266720781,0.631868059297767,2.26306196840826,0.670530017159899,0.166216849736244,0.364898722678153,1.38273006263926,3.24946757487646,1.3624211148071,2.5275896811078,1.79329239841169,1.42682783976905,1.24607476576411,0.490996769130759,1.84878514417382,7.86037959717824,3.95603411669147,0.389122470657362,0.877630063887399,1.38222353551043,1.36062650970663,1.8732410064926,1.5048739869189,2.00765756131918,1.97346600331675,8.08155565898243,1.05782487014373,1.89764022742369,1.58494660921678,4.41680505073795,1.35572857797827,2.85405792186288,2.85405792186288,1.43022117967926,2.99735847919569,1.48892458693695,1.48892458693695,1.48838701046637,1.44128335992893,0.888925074606932,0.994614572583098,1.12835658834693,1.42590206296513,2.69798371690976,1.76615583020933,2.49782136751626,4.01631273640692,2.0407280132366,1.28830181236512
2005,1.35000497056322,2.83417085427136,3.69224094698531,0.847154783885961,1.80249267959937,0.850142574026263,3.21438109533007,0.972810090266113,1.09664118158572,1.717004422633,2.85800418504025,1.52401346273319,2.3494276381516,2.23535026726367,1.2018948481342,1.12757907124746,1.14390062434822,1.10710542420811,2.53476299282486,1.87185802294835,3.37467969392646,2.03746974323698,1.31148849991359,0.766536371799736,2.29840279075247,2.71422040657605,0.90420465369438,1.90288657921506,2.81221837499407,1.32359461422314,1.46451773981136,2.02370691892637,1.06562970052135,0.260967076343411,2.83659627711189,0.383913656735458,1.40983615554013,2.91058750164482,0.750789394004931,3.03665449804817,0.540612698817302,6.26491269041474,1.60096876399271,0.527663694618897,0.916916800183882,4.79532278988433,1.69058701379422,2.46728273718568,4.34302594160701,4.47893172691688,2.0492596155836,0.58477615707441,1.07194154854732,1.0452616055783,2.17392904054248,0.819604968047487,0.160674051849869,0.355958931501411,1.01728588491723,3.25799678207968,0.946231881192035,2.6452053014553,1.92916137598653,1.3964852790883,1.13993436677911,0.397422937174069,1.57588467314326,7.71403410853305,3.89701939256291,0.416637769353025,0.721480399782029,1.58127268565483,1.27788393643261,1.92612986992008,1.59379180313443,2.00699360911993,1.74305555555556,7.73059887481948,1.13046452910055,1.60235235107661,1.42681393237049,4.27504313120819,1.23481125272958,2.89970749634783,2.89970749634783,1.38717775355122,2.6395333951407,1.30309048353752,1.30309048353752,1.30272438830863,1.40698751486224,0.83306403652778,0.823941300163293,0.986191840708362,1.45160141621028,2.40937050592188,1.68432268847927,2.42271607573388,4.08923187524508,2.00038586601038,1.83171374924625
2006,1.56776908873068,2.64380884598341,3.76149530543532,0.788233877461469,1.82233092604478,0.785813244459197,3.10294772848129,0.989838836982973,1.05612306878486,1.46622698404757,2.75454609516549,1.48108495636286,2.3039631946555,2.08176190777138,1.11032179719724,1.04310007952657,1.22979394296967,1.12252472932052,2.50608214331462,1.8695916362794,3.29582499135229,1.8999978625024,1.37749201363591,0.683423360678412,2.02982587683564,2.60621860261331,0.888131105901353,1.80993274483633,2.30714932404438,1.60859901711712,1.44240186243663,1.97509829987374,1.19930295839133,0.262213532811969,2.78341887026498,0.43182946456192,1.21856650672823,2.68038156022763,0.65870277762871,3.31519380033441,0.51315124388682,6.04956445483926,1.52134332564687,0.608922318763779,0.902988432465036,4.65932400854871,1.45517741016444,2.48836866984537,3.54264578632145,4.57603784913407,2.07422499066906,0.52078771268481,0.977431205130634,0.777651497953322,2.00759740140051,0.653051750694016,0.153856508278369,0.311171936508264,0.961656696108958,3.10979654916899,0.809467271779053,2.50124939843779,1.74910986263113,1.39338905749077,1.24082054907448,0.348375434095589,1.44466802794409,7.09909361868035,3.64525520437771,0.376920047262702,0.793455134933818,1.45621492625964,1.2590953916093,1.92075038034244,1.51208523296058,1.84512546001227,1.64391043145822,7.84836521143522,1.27105687032274,1.41343002330889,1.48639584786552,3.92291119365444,1.15387200554978,2.70030463549784,2.70030463549784,1.37000746147478,2.79877359903086,1.28270761638193,1.28270761638193,1.28255623826363,1.31820552345733,0.753808477874928,0.792124010730679,0.950123246459469,1.44636242435988,2.3595222796582,1.50342601664363,2.36967440284241,4.04134230166038,2.00617807800672,1.9784922172232
2007,1.8207653435572,2.92332216226096,3.11405449295742,0.792548175031362,1.81227323422698,0.90045717278703,2.95699023434392,0.997091964413713,1.09801876439276,1.4890475837354,2.90001468952761,1.46629209992902,2.38015224434092,2.22853990097534,1.41572652816375,0.914612028223903,1.24159299291596,1.18579022996702,2.33098063414723,1.75016458545192,3.28630170949445,1.68459965831751,1.30724682939246,0.62761905715381,2.56823582019659,2.37963467509709,0.973444824900437,1.64439058808864,1.89627732982541,2.23709999847122,1.28752050624668,1.90752863357749,1.17247176491769,0.370332914572864,2.67930592141264,0.398456601466993,1.26721425125684,2.47824652803557,0.71236193115127,2.65398282115891,0.508754794161221,6.367865558416,1.44705251876997,0.65245791026588,0.884987382290183,5.85128256624216,1.54791227998168,2.46963885628269,3.59032675886877,4.63239840402185,2.36815458611088,0.50162400683642,0.961181513313121,0.757951967846396,1.95850253260823,0.61769072153659,0.142725039281222,0.401163917952381,1.05327216611992,3.04695366406602,0.668953898163735,2.61042455712992,1.54739388856211,1.35471679829449,1.18204532109871,0.370354831159892,1.45917207799086,6.71756431693885,3.51198610011098,0.411602600339175,0.741436848396038,1.30393825370825,1.29142591630931,2.00203282841042,1.37790810197484,1.49361825981328,1.36567834681042,8.52704997826892,1.3795917338401,1.46828358935559,1.34699336114922,3.602552791077,1.05851963686616,2.53630106253186,2.53630106253186,1.36310631227691,3.26060835702917,1.28175613442941,1.28175613442941,1.28156715225263,1.29998150757256,0.718232323663411,0.762064569335019,1.01918920071311,1.26099385636655,2.21792932113531,1.39447189004469,2.37465777127738,4.07335051467688,1.77716708828507,1.88899310620025
2008,1.98486885667765,3.02474618157695,3.57312038062707,0.762756475390461,1.79668808931838,0.870705123070585,2.80016136873791,0.938215291633285,1.22191451658895,2.19395160882894,3.0976203987662,1.44192408837717,2.26179236887845,2.13186398257533,1.24291260830384,0.798217507790995,1.2555907411193,1.24551836677548,2.58365225907913,1.71604254580499,3.73724698565115,1.62970494449745,1.35500459027372,0.699861657175699,2.66504173599459,2.18078548537016,0.961811831487238,2.00612325515657,1.51584796368311,1.52095281013957,1.39093940428535,1.89707589581907,1.20903400366779,0.294033500427925,2.98305234467131,0.468231102914397,1.17976756209114,2.63146078124112,0.578945804493387,2.68334192055637,0.576987820203192,6.39180109737032,1.53567479652557,0.953354273523125,0.907855045566342,5.99497156149729,1.61585029427424,2.48940276894302,3.00607272121515,4.00131449104104,1.547920805645,0.364912794964823,0.962892092840992,0.835636993913521,1.82484376549945,0.616369198929103,0.15595207103506,0.390513227488772,0.823306745414827,3.18350142755722,0.664921661879227,3.1372615742466,1.59997165276816,1.30531923769851,1.1527704961191,0.489084134608938,1.37033371660879,4.96024822382651,3.45937100362745,0.337014470677837,0.683124275184385,1.24669488192926,1.25032908798354,1.75213971068109,1.41594674624287,1.39998436558161,1.30649717514124,7.35343646797829,1.29196686871926,1.15019319695979,0.943706279244541,3.85002679403201,1.03941759302272,2.64510590863384,2.64510590863384,1.36762048450666,3.24360178402603,1.44720432356845,1.44720432356845,1.44743791757061,1.16374723679633,0.722484412265189,0.698278989715238,1.25266188719419,1.29062492574542,2.199273923442,1.34734497189712,2.4871500848402,4.44659552156261,1.86952468832085,1.79355285179574
2009,1.5172171395597,3.84851552732306,4.70961004832072,0.886508576686385,1.92393833394007,0.833379564692924,3.61053524967651,1.02893954845227,1.1677684366565,1.76136075631536,3.26282073750534,1.53862567601211,2.94107203176036,1.73951150062383,1.35276497598007,1.31312799885235,1.23383418917622,1.37755563107525,2.27650786809373,1.89352379603523,3.88696383706353,1.81681950779024,1.35017862531649,0.667461170274579,3.11741808812028,2.03264504307225,1.07887821146881,2.09870056819641,1.20460157802807,1.78657925681224,1.56074235593355,2.09814733452729,1.31060407322149,0.336757870912986,3.22484113782964,0.395326073511874,1.125985152169,3.12938472737472,0.571133891996423,3.04770554917662,0.601169020641842,6.14811192852559,1.55421070227095,0.947227444976472,0.972969565505525,6.39138388037152,1.36507571681354,2.60351410605304,3.97180632341079,4.02004200140751,2.722681670282,0.371311757115607,0.738132953446095,0.949704587838907,1.87148694418887,0.679751022143928,0.167777183674029,0.501556274697719,0.629698225139809,3.28865184646812,0.70542260842237,3.37436368373618,1.44274238925516,1.39763332170373,1.21981800607086,0.505855627592204,1.59690979918941,6.07257047519031,3.26522399322955,0.447943023146847,0.753483712105124,1.52962572422539,1.2023233937147,1.79741622783841,1.53406376621365,1.27806961233722,1.32690239867659,9.61719999229391,1.33587587609685,1.02087833561425,1.07603322555112,3.88242334748021,1.08950470906387,2.99810638592938,2.99810638592938,1.35835383696039,3.16189871004304,1.51383640822213,1.51383640822213,1.51419525708526,1.15980434381161,0.73179337674355,0.757193066304469,1.54034760915174,1.2949496088007,2.48931174211555,1.43231723283534,2.64772453259797,4.87576835879774,1.82261337958887,1.23107041540807
2010,1.55859189302349,3.5180231971299,4.1775845224338,0.814878118220695,1.85292825768668,0.821232711530621,3.27782374844849,1.18438401700177,1.09048821653131,2.78500726887326,2.75907988033428,1.53940698128362,2.85048790060089,1.64246152423714,1.22478599330692,1.49309688103135,1.28837517696819,1.19433833839121,2.25424091461721,1.73351986212832,3.63691504613462,1.85292455056688,1.3986217868925,0.6675317048534,3.01055129218138,1.95296705174529,1.08955372746629,2.37429405971718,1.15394252706819,1.60512894075313,1.49175815960034,1.96941935275241,1.26682662611137,0.282687655236928,2.75021826236583,0.441382604389834,1.02199035673629,2.88946327164641,0.617587091951932,2.7865480606164,0.574760721661621,5.93634502858407,1.50049457592519,0.874179484221201,0.94903256103587,5.74149982771799,1.3699852575929,2.46271920274076,3.7561481418781,4.12655312377024,3.16252874160214,0.441009496679635,0.570214687272478,0.718201023626047,1.49021010582112,0.650590925577019,0.148689589780391,0.433229899207479,0.762997245666295,3.39079610106242,0.891902273445713,3.51474397546307,1.36781608986269,1.32543371501611,1.20990105642364,0.539231118131693,1.50762795492815,5.64885516492993,3.04189326480607,0.32514450867052,0.750544858772042,1.47697203873093,1.17013220060251,1.84785215509548,1.48821803172514,1.22697660697606,1.21679268178848,8.56567729417753,1.2153093310459,0.737915363270446,0.972150455134743,3.38139843984389,1.00348106887351,2.78506568686677,2.78506568686677,1.3873781239833,2.70074784039336,1.242325119837,1.242325119837,1.24269398231773,1.18712854137069,0.687220165933277,0.896024084275438,1.5225558657538,1.23617052057621,2.27171421902952,2.46009387698207,2.56799960467203,4.90402300595835,1.87580785777619,1.01348862784929
2011,1.52826633776627,4.32569744327918,3.25566035129376,0.764287095310235,1.75565694660719,0.790897558452031,3.59149722735675,1.21766894947597,1.05221776971326,1.68412265690433,2.40443003238577,1.41185115924524,2.24224141990167,1.31400025609446,1.15090587793045,1.49778870804676,1.13588889236589,1.19329189549638,2.2636127719888,1.65908251595704,3.07710698956258,1.73783209097559,1.31353128527572,0.602928060143009,3.09511005659875,1.83702551137618,1.08806149544119,2.21866369386686,1.09070647415251,1.61040391811109,1.48940898392913,1.89140621361087,1.20615033635783,0.43515452267479,2.52227876563293,0.459619447723005,1.03709056372928,2.70448222276966,0.653776702606807,2.38163454250427,0.544395813647308,5.76961982715994,1.47595659708976,0.925165752936644,0.974823549750829,5.40164163067694,1.37974304585955,2.47295558071308,3.50139726568748,4.05865660564424,2.25552295756199,0.376775588804359,0.623191026336477,0.659728503647157,1.55285313376988,0.580640238717098,0.152035252096647,0.447386994111846,0.837270236688781,3.29749523520352,0.82655322493467,3.5745889549471,1.35067285523943,1.28836534898418,1.16242091344673,0.579227031040921,1.44252755140788,6.45275108066004,2.91924318438144,0.356925097321889,0.844603850849582,1.37118305528699,1.15341455205701,1.80318361835199,1.4917984786847,1.23556866931776,1.09493104282603,7.17239914861776,1.29386015954483,0.855504063317464,0.865813493995693,3.19387456850782,1.00265340405471,2.62239706864307,2.62239706864307,1.33187655521014,2.68531865302989,1.21382689960134,1.21382689960134,1.21407949776514,1.10169116434029,0.694782257657599,0.903150747306732,1.39063450331731,1.48625780102894,2.02750659150507,2.538786699798,2.49903987829525,4.82244197600452,1.71974893241654,1.13040534078431
2012,1.48708257655216,4.46107862007699,3.23665949921649,0.784824735364742,1.67096396538491,0.778464250647036,3.8444905725653,1.18089723364654,1.0417564900031,1.84560643919497,2.34377212582193,1.37865646470437,2.15903448896045,1.32981896505284,1.17602847916222,1.54793982168285,1.17534857560788,1.11840459807104,2.04588025146131,1.70094267160117,3.15600586340429,1.65475170209627,1.35181897255939,0.653151461976632,2.94545286467451,1.64817579267929,1.04880962679117,1.91453554721434,0.868361507077892,1.49096169403815,1.52658465854544,1.87108059984757,1.24167747904608,0.593208552483374,2.44377558683293,0.475870730886697,1.02649856116043,2.61816634758562,0.711549473406383,2.68660846849974,0.514158093977392,5.64197274014679,1.42692497660769,0.929536056664277,0.956761841659896,4.65572090662121,1.48957729008126,2.49929988050229,3.41374157981372,3.98937634457757,2.14823978786685,0.358937251707305,0.592764957720632,0.765630689417871,1.41333070740643,0.527587899389015,0.14279440115901,0.455502058064299,0.924305618490081,3.46275007931538,0.85072600767818,3.16654259121144,1.25549442685178,1.23540888805849,1.11634636312697,0.504264930204985,1.39318999611811,10.5832031528957,3.09577353673779,0.519471738934463,0.964506788033691,1.48351279277452,1.10670418975985,1.81467677038876,1.40585994869538,1.17392522752233,1.04224962789709,7.61580760228465,1.11347959476351,0.936679584641367,0.782800530642159,3.10816619008299,1.03352274081458,2.54797571364615,2.54797571364615,1.42363040003724,2.15519951243996,1.18046094436333,1.18046094436333,1.18062761006842,1.13011028867624,0.669001710434324,0.91379934806313,1.38988888346862,1.43987394498013,2.00944779894555,1.16543270533352,2.41781748358099,4.4617099699335,1.80366982524901,1.34147173233053
2013,1.40898210141146,4.84450891704059,4.45523942155109,0.83773642721392,1.63918019954461,0.750825383084571,4.14139762975071,1.11372942922328,1.00895947872124,1.84124031434345,2.1471710497407,1.32944608382557,2.27750759504916,1.45404283053363,1.23609025726906,1.57589601356547,1.16504114303499,1.00236720047397,1.99462247217943,1.7143409229625,3.27226285651869,1.60700908951525,1.22725200034691,0.611824773045351,2.87589068305185,1.61005697699419,1.07998923193894,1.95191015320914,0.806417193723534,1.38677744785356,1.53386093450991,1.84987591828694,1.18525790100841,0.400294579040699,2.36777200944603,0.471272593167646,0.943403779328103,2.5488248901417,0.918769839183066,2.18077190909837,0.502326938186923,5.45896905535838,1.39902041932938,0.898967963739861,0.940538501428935,4.19373981956594,1.39539650803677,2.50300902333872,3.27153182701652,4.16539813900342,2.02653187465999,0.358492375793951,0.578559931839726,0.809790017163078,1.49929579850642,0.509947594950674,0.188733237769964,0.487642870144841,0.822311489894261,3.80578290120645,0.930182229707713,3.20641632429402,1.36500127882067,1.16615162393654,1.04388216827216,0.469695304520636,1.40525218139781,9.74727260107489,3.08802003540329,0.494549266247379,0.964167260244977,1.64306905104789,1.18950172893764,1.79844993577184,1.44112106338382,1.29223076714816,1.05488528481013,8.89019141193183,1.25170125603319,1.03655893266994,0.643965907030134,3.03849114883637,1.02779402383821,2.48085652046331,2.48085652046331,1.27236040392798,2.15404824269909,1.27503157474641,1.27503157474641,1.27521602179265,1.11252053864955,0.712636242390875,0.972362603264413,1.34525091985427,1.5597373837127,1.92395933259341,1.3351931773384,2.29232047399432,4.02370560438155,1.81655130184474,1.66955178280415
2014,1.34651599128914,5.54848333584853,4.69845451564414,0.878100924236765,1.77305777849408,0.747780095379783,4.41851202803887,1.1364432719278,0.970959791148112,1.89691504477836,2.21199714449013,1.330244423168,3.08686095781185,1.30960223173333,1.27234195224905,1.65679487918799,1.10497962306915,0.989925299438869,1.96710687686468,1.73840928794394,3.10825884811044,1.54260195978916,1.14927328634589,0.651437855543241,2.73923080937619,1.68969483568075,1.03525487674093,1.82287677397053,0.768407756190907,1.53977309916003,1.45193018748459,1.86296143947269,1.14994199690514,0.484989051455069,2.35228766757336,0.424656428368739,0.857809630794751,2.54398176462257,0.777855178232831,2.11655706144949,0.459917413502212,5.64719680120022,1.28296965427672,0.872784216786518,0.957800922146808,4.20345261907888,1.19943336712808,2.52993578083201,3.58561842128005,4.67817522836761,1.95379607639772,0.366856825936978,0.556391260884791,0.580771920223763,1.45511301633341,0.486761550387849,0.151017482159405,0.495321042296404,0.85972525833079,3.39845864113579,0.98075949386584,4.32586724007944,1.49526274163701,1.15968789088093,0.998051492562093,0.414718776586509,1.46227942776465,8.86041181394662,3.09657969704779,0.484413309982487,0.986605391734507,1.60248762240244,1.04312706559466,1.91903675982857,1.30768664159842,1.3476637836228,1.10273875155611,10.5350604637453,1.21336600293871,2.22756172006943,0.973262106321706,3.04786038477706,1.02189399625968,2.48511553179481,2.48511553179481,1.25391242368837,2.41264701190051,1.25195562230769,1.25195562230769,1.25120997328492,1.12644731800047,0.634898338463689,1.0157610032095,1.37997604796617,1.8068874807375,1.87196655112723,0.885150158324909,2.18448549185402,3.67891817387645,1.80742945563682,1.16181680999136
2015,1.16230386432234,6.27024285623508,3.10542629308278,0.850128597463815,1.9536335918401,0.698116413133988,4.6441113490364,1.20851710681525,0.909284202068915,1.75943591545975,2.82519449903662,1.36551715396161,3.27929046083748,1.24593360652028,1.25078088033268,1.80162262063333,1.09889864309409,1.15270937445521,1.90962335490079,1.77677106896806,3.10996008410671,1.64766762744388,1.11144601158659,0.643674978238558,2.6160741592884,1.72314742829085,1.05682005889035,1.74961403450706,0.70541465068261,0.910147310120732,1.44996097168673,1.87225828127684,1.13733842666332,0.392915126090548,2.46330328904394,0.405967931287061,0.904722073336147,2.45745006060163,0.882266734481239,2.55709080686915,0.341167624216614,5.43633594730614,1.20822832564616,0.872353476007681,0.947283518613377,4.1851629472753,1.20316940776845,2.49498136452362,5.0074693972269,4.48688434454642,1.86575300076387,0.415571527949753,0.520469241195104,0.450825678295219,1.50389842704146,0.467203716750544,0.142301917631184,0.4507428192422,0.875507832442284,2.95999792230728,0.840285274150693,4.52800016778678,1.40442686748261,1.13271150479415,0.988413614167253,0.417636537730714,1.49812327266489,9.57116730321235,3.16298664508296,0.459900166389351,1.06744934908852,1.74508054943009,1.08846303958172,2.1405458303192,1.32655839631643,1.45071824376782,1.21369473342003,13.022838193007,1.2090991706832,1.2783460007428,0.923453252284234,3.04671265935693,1.00692862196088,2.42475286221806,2.42475286221806,1.2702320395662,2.41701116575955,1.14287640200429,1.14287640200429,1.14275777188796,1.06650205259044,0.651341082840214,1.09136986722986,1.33732679725458,2.13959162946471,1.81284829274449,1.04314802530803,2.04890800410498,3.46449292564277,1.82058813645626,0.941375968866619
2016,1.10358100880452,6.38492898301865,2.73333494465123,0.809245362717563,2.08852965041326,0.729737691793485,4.67063531353135,1.22590049912782,0.89470623618152,1.53046784866919,3.41066258273304,1.34797541299482,3.53938463904119,1.24384580804927,1.16533335437179,1.90988363024706,1.14642434992604,1.16416156719089,1.92415844831483,1.7688865902507,3.07113102611539,1.40455761221209,1.14763761681092,0.63403055291349,2.51476680030726,1.66660515243227,1.02350295230491,2.07380910826263,0.683567210395797,1.10379290217157,1.41965262644931,1.91728236804142,1.15123037317289,0.291412454265461,2.57212022449423,0.440496512523365,1.00201990429055,2.54315152114541,0.792220213496852,2.79643556281004,0.335786647906792,5.4340599812034,1.33483525169556,0.954831298098327,0.929516816486597,4.43550630070496,1.24730980077159,2.45957788108271,5.89351944288143,5.06266311306368,1.96388842698486,0.378949157263331,0.501387044175783,0.452047299475691,1.3843347942822,0.511888844132672,0.174701755953711,0.480046272445401,0.863910995114833,2.98211832955753,0.929584557013743,3.97104492479212,1.48659217187396,1.16362691769596,1.03522570537615,0.432947784673169,1.61734383599671,10.5631262289399,3.20377671550622,0.381076923076923,0.950953301628568,1.32190839942957,1.04558514673889,1.94921770662177,1.54110296138377,1.42770454147789,1.24050679129546,9.56048239449097,1.60209745363896,1.47114468998418,1.11638235750704,3.09554271344129,0.971046764986093,2.4611201162568,2.4611201162568,1.13713590926222,1.97935533284589,1.06661322672112,1.06661322672112,1.06619189566391,1.0530163887864,0.664750475412517,1.09369193376988,1.32331085830785,2.22498472970201,2.05032460503249,1.04325843278611,1.98449096820719,3.40260246241072,1.72456511462274,0.454046014282467
2017,1.10915100558884,5.92438332688534,2.50798280550579,0.84775481125944,2.00423296452333,0.757279033702098,4.32073774179037,1.12758125325097,0.883563446003045,1.53642735273655,3.24857919499091,1.41402166797586,2.86512850957169,1.22220854798635,1.36362970468668,2.067355726951,1.13837382188187,1.35189646465708,1.94059253045695,1.71124264388853,3.20809672439436,1.56810293907547,1.13823325447046,0.6660634439633,2.36126338358467,1.42203170028818,1.04446940079198,1.92443993258528,0.675310715716932,1.4048380780238,1.35129760805299,1.90864201234437,1.15340372066259,0.312701278609545,2.56348990681236,0.383850245049506,1.19355289709367,2.53151136056791,0.865191376221992,2.8443384495596,0.306034627422037,5.44552357229208,1.35737055917772,0.973433068165328,0.913229492309334,4.6843537414966,1.23759400127025,2.42148900075187,5.60744536433338,4.50513980065137,2.27081453102287,0.495110917223231,0.506222289767563,0.530100463619354,1.10033460723613,0.479625797586355,0.16537629451361,0.424849159310516,0.762153816975996,2.94588992031474,0.987964421430527,3.52238850010305,1.55784923539464,1.15680366756712,1.05204115476328,0.430671218863917,1.70515328594991,8.41324995212154,3.36444910317801,0.355034482758621,0.892663231219253,1.2652396703256,1.16796083355235,1.90165998081495,1.2370678817014,1.73375510218939,1.24889524304653,9.84622692397792,1.47106251742975,1.41334297279534,1.0938168966116,2.97187480816254,0.943568494750462,2.4614287420265,2.4614287420265,1.23002910987775,1.97692843257215,1.08993533900825,1.08993533900825,1.0896054350896,1.023179204574,0.66568455676088,1.05639119393543,1.33098242833694,2.03182932622148,2.05006581752215,1.10546534823207,1.95002885979327,3.29772357145288,1.81361669130623,2.23333219917076
2018,1.16054478505068,5.48358870056161,1.95578680987962,0.732300347538541,1.89568807978324,0.745028039648345,4.04108625299001,1.15395749092166,0.891358084802809,1.49690260690782,2.92475944543875,1.46967772350671,2.63661248533021,1.44929413825753,1.92538455062898,2.20844242884252,1.07600981816736,1.3176781061648,1.87761395663911,1.67357820944542,3.0332327385044,1.76054591686911,1.27753927185212,0.693991110098086,2.37016772687992,1.24996619642133,1.13220727885334,2.09603771542402,0.645850962685811,1.45588315236828,1.36253437390239,1.84300872300244,1.17054854477113,0.32587623925291,2.71645307270589,0.372491637911365,1.00606844814921,2.42428452604417,0.718928190476345,2.24343449628841,0.286463500322568,5.30452582541345,1.35929093471843,1.33284679598136,0.962497356862304,4.56009087117148,1.20738536752593,2.49684357635785,5.19085473728776,4.85179457921743,1.99938292931215,0.500655642661875,0.532102174287315,0.589501502223623,0.960104126677078,0.434325315075578,0.156385299781821,0.464611537244599,0.668952463384853,2.90288871579444,1.32376513698605,3.33269228396146,1.4683282240739,1.2166741818661,1.10503209089888,0.506944517393582,1.71529737478335,8.26760144238502,3.58696176378502,0.330226700251889,0.961156152749535,1.18979117011669,1.18424717696738,2.04480024979944,1.34025963919119,1.79144423500295,1.23514702337913,8.81333517624339,1.66692756826471,1.31441839283279,0.751992568713766,2.80793327423872,0.894757064750116,2.39122227561664,2.39122227561664,1.25433377164601,1.73469354853576,1.00054591945269,1.00054591945269,1.00022872125906,1.03224609210767,0.652876569793988,1.10098116249139,1.32639351547521,1.97644872011962,2.52369540945235,1.23271304540367,1.94455569473457,3.30400061907828,1.97127204651996,0.150853892569221
2019,1.28080596201472,5.99994146398572,1.73907233864521,0.699696134379197,1.88096042981802,0.75035965749035,4.02986101554975,1.24410082330294,0.888429380863306,1.45127092717043,3.08122244554008,1.38279724638797,3.07858724948281,3.13356898891163,2.2125520849195,2.19648130268012,1.06457837839838,1.28451224366918,1.86261660464315,1.68291101151296,3.14565669372153,1.78661901313827,1.29509238115422,0.689583054746984,2.17005198939516,1.18097179684711,1.18000962074512,1.89023924327776,0.579949536835092,1.43529925860875,1.35371761625629,1.8364614707329,1.26184145004044,0.343818178617089,2.62245307490582,0.430070763358893,1.33524248667313,2.5459982314359,0.728563743551525,2.11068906242797,0.278905402054922,5.0884742677873,1.31150962472626,1.68152578167608,0.99223146563367,4.56623750321627,1.1125711791299,2.6712992167308,5.42100598376451,4.24221838501955,1.87540421655185,0.546198379988419,0.545343037675691,0.760781826918983,0.893413280938052,0.501868733130497,0.148796738188038,0.508905926294583,0.661538119118052,2.86579837978571,1.39914908531853,3.29742631401913,1.33766548315175,1.31836099648855,1.29316219672736,0.459170524387093,1.84373537818427,7.43921190765759,3.50584031595126,0.362698688154268,0.973840384070445,1.20589146228792,1.13133132483668,1.97509539032691,1.37469631433049,1.83559871426307,1.19793121977431,7.79458844216861,1.52473710605653,1.28748760895455,0.672477267518061,2.76017573618952,0.882430271670915,2.46734533816821,2.46734533816821,1.23270491757212,1.75219928060225,0.948316058514868,0.948316058514868,0.947967200276756,1.09340922552771,0.696324324760463,1.06236727349414,1.32729814008386,2.38327777746153,2.68985908907877,1.744800411186,1.98525373099586,3.412158459059,1.88538746667702,1.79230375763991
2020,1.29583570269739,6.65871082968014,1.73699395811082,0.734111593948744,2.01065640494339,0.884127145088915,4.04564950980392,1.24468950875224,1.01248470692312,1.39204744468967,3.33478768726661,1.32666026860555,3.63429176862407,1.59346116571228,2.13201807583334,2.39555954750291,0.96440732254506,1.40083568623706,2.06377550015856,1.75669947098837,3.53698651555212,1.92017174602879,1.37713112053436,0.746231922011371,2.37312249582349,1.12247550332399,1.37945779018632,1.8608190625872,0.521624297220978,1.58932558621181,1.42582276779338,1.99647774299432,1.37427175481016,0.350949233772808,3.069343544579,0.441017589859342,1.76006936522039,2.80719387386131,0.886277728854897,2.16792005411303,0.267555214275712,5.29504518980891,1.73898398051865,1.70647069948671,1.01744793009109,4.7175756760932,1.10843419595019,2.80332162242558,6.56773000462321,3.0326454174822,1.88179923148985,0.578077082223964,0.673153896375499,0.834281207531417,0.999653920235799,0.566881931048812,0.161615351006251,0.717897860988845,0.709909468541962,3.97969764255599,2.03395010408449,3.48015259214476,1.35853467346652,1.4412639825242,1.34084212677417,0.632022913474166,1.96598369239436,8.03024250539625,3.48667909020303,0.393261831182209,1.02757342677333,1.3148655415575,1.29724003910725,2.28748515617247,1.429790701133,2.00950429821317,1.47386932055023,8.7921741101353,1.41190887856501,1.57270914610167,0.546605434850038,2.81188317988763,0.955615163117871,2.65017267013044,2.65017267013044,1.36664551701951,1.73988733298184,1.04076069055313,1.04076069055313,1.04032909349639,1.14608642427625,0.772558973227674,1.07679696200969,1.46077928107965,2.7097783729293,2.43140036241802,2.73212093048135,2.16221591341109,3.65051373404041,2.03583835576405,1.57552271230291
2021,1.24298808396067,5.57082878533287,1.30099992786185,0.630055381810861,1.99027820211932,0.8736941368808,3.55388299692097,1.16873060016575,1.03872662668212,1.32579943750687,3.04556932426419,1.16368211072875,3.23636748209722,1.51749089579214,2.32265667240954,2.32195713555091,0.978117031343036,1.26729446473527,1.64187618917853,1.60525971842503,3.19588692136248,1.83792041200868,1.30012223662152,0.647239948925026,2.26891193069531,1.12200927143154,1.1937626515235,1.78385478033566,0.492015222766883,1.59921009692948,1.29123276861826,1.91440611513925,1.32102724294738,0.382741906430833,3.8668791000781,0.392566987976173,1.32374131113092,2.48038870521367,0.741528496236734,2.21628758873817,0.246964923185605,4.96402843133313,1.6812622421282,1.46676867767402,1.01701079290561,4.82477376946416,1.07720025210221,2.79747341419581,6.59030254506636,3.36622246400457,1.53897905185042,0.47124923612019,0.692132176722242,0.75913111163443,0.982646998395369,0.486319433139289,0.171377098585721,0.661419726405739,0.619505072530135,3.75515698655477,1.95882072271488,3.21504841090915,1.26680103555809,1.39825198400619,1.16430342619095,1.01270192678284,1.72102421396042,6.55798322028562,3.39171168148551,0.330331693451044,0.928803634265998,1.17822220959875,1.40682254131819,2.24262361370911,1.51953308872168,1.85259347107342,1.51397529734675,7.22921983667662,1.77917638974008,2.77755038036736,0.609065850522684,2.5987935314514,0.80744046915839,2.39430048468187,2.39430048468187,1.35211774619771,1.71265688710699,1.08853512278804,1.08853512278804,1.08722309336593,1.18522396008572,0.674464698214506,1.12091368211588,1.41836848663438,2.63670026160052,1.89697286063607,2.64180818268415,2.07322203588405,3.41709395411995,2.10113238470682,0.313630729266034
2022,1.21098343566728,4.69502219300875,1.31681953222365,0.686383404283536,1.90833557385416,0.768528566154672,3.14569341444798,1.05198976442527,1.18239642570098,0.973250888476219,2.38212537208377,1.06984583971521,2.61193002463948,1.59228669627303,2.97748651283525,2.09006160154534,0.942511872454016,1.19577775821206,1.54832205230529,1.62314627775085,2.8118884804297,1.82273103646902,1.36761549013104,0.668011697920087,2.24815513389947,1.04848151432161,1.41124078153785,1.64512139394137,0.869861417762905,1.34927607914923,1.57363807254928,1.93242353809568,1.37713842050552,0.337946355940024,4.02423972931974,0.464713795654133,1.83565722625996,2.36392657703578,0.767998661414972,2.11155207370144,0.218652664665286,4.45573996865188,1.69455752183519,1.2899994472516,1.10588643022492,4.89625877397111,1.01020520038813,2.76950794900429,4.72784372285431,2.91848886289958,1.51643894745129,0.625326007042526,0.665916150757593,0.969701635412184,0.902025405170821,0.432529412373608,0.138800420437177,0.686105132578991,0.513936273012978,3.81455962374395,1.49982831285104,2.91723613941163,1.11017534040148,1.35218961159002,1.17182753584356,0.650166691789414,1.50052130230795,5.04380255784112,3.16297452063675,0.312718966367718,0.831483478747864,1.1531790524397,1.31652615275187,2.22856108974913,1.39926906492031,1.72487428747058,1.33385462233887,6.39742215278993,1.53810562054109,1.33292407432337,0.685622766144689,2.57771863323481,0.767817564337784,2.26368792668606,2.26368792668606,1.4339965700543,1.34338942659722,1.00092558855368,1.00092558855368,1.00058423618159,1.30604276885439,0.690463765272407,1.13689842727626,1.24454577456141,2.47336373005518,1.18919167863503,2.03684189118429,2.07392558799882,3.34325893120951,1.82530853655021,0.649886788939365
2023,1.74399167669186,8.1717205566288,1.33252915998752,0.472747196738259,1.92219906285917,0.844274840737983,3.10846000977851,1.02281837589173,1.21461599569106,1.38612164709346,2.52982250302121,1.07876906016448,2.96910709140811,1.84737280288254,4.00532688335591,2.08968280637576,0.933338169286478,1.29300145446276,1.6328889293069,1.66533914524613,2.87298318741673,1.82460300554278,1.95319596405831,0.740729436807107,2.29706957855181,0.870565509711049,1.28386195281933,1.56832126015003,0.788322879616043,1.31648157529348,2.42148617618712,2.05638673841337,1.51965192096975,0.389157461523268,3.23440755796675,0.411176407815766,2.12784318809435,2.44305076476938,0.677541069885981,2.06140369835077,0.216857882649718,5.31741153367738,1.60578289334057,1.22435313075752,1.19606991540042,4.90537849518021,0.905816835053688,2.81204562667304,4.89572861288627,8.91317581679359,1.53626292759206,0.7490545294635,0.662961133220886,1.01087787932399,0.929671716200106,0.558644018130875,0.152776819903266,0.656934513100098,0.60144199287179,3.63868518644989,1.73193242255364,2.73954354378882,1.07668555382218,1.53256247074407,1.21763772932874,0.807331105535844,1.60728115834895,5.40426635123803,2.80148810180165,0.313337015687892,0.906254792632729,1.12118291334721,1.24949555025566,3.83272853898223,1.51929712406409,1.61389529499238,1.26615243356263,7.08638630224988,1.46776048919388,1.70691302906347,0.560437347011943,2.65866567626877,0.733136724666569,2.30345217184542,2.30345217184542,1.50901228462186,1.64003079587098,1.07369015159732,1.07369015159732,1.07298113857266,1.47341062942458,0.702718004518668,1.15169397926637,1.16558115305502,2.3578511004509,1.5026648858863,1.98205631258922,2.26487905161201,3.36183648558074,2.00012218742627,0.500704497643446
