Year,Algeria,Australia,Austria,Bahrain,Bangladesh,Belgium,Bolivia,Botswana,Brunei Darussalam,Burkina Faso,Canada,Chile,China,Colombia,Denmark,El Salvador,Eswatini,Ethiopia,Finland,France,Ghana,Greece,India,"Iran, Islamic Rep.",Ireland,Italy,Jamaica,Japan,Jordan,Kenya,Kuwait,Lesotho,Madagascar,Malaysia,Mauritius,Mexico,Mongolia,Morocco,Mozambique,Namibia,Netherlands,New Zealand,Nigeria,Norway,Oman,Papua New Guinea,Paraguay,Philippines,Portugal,Romania,Saudi Arabia,Seychelles,Singapore,South Asia,South Asia (IDA & IBRD),Spain,Sri Lanka,Sweden,Switzerland,United Kingdom
1990,5.7840616966581,6.79190522886154,2.54508548676712,14.2857142857143,10.2820063762895,4.27959644497837,12.3645060225396,10.1821366024518,14.6914446002805,13.144823407697,3.98190863727281,14.8528411666919,13.7473617006492,9.10071869210253,3.48803573327661,21.4230967831973,6.32302405498282,30.7716341601969,3.2151112563917,5.62272477258817,2.64882352941176,8.59184499710816,12.4005755356987,14.4785054445993,2.77304792021406,3.29017935816754,3.13701651210133,3.06864140369055,17.5122749590835,8.8624380139351,52.5620170801139,10.8739130434783,7.23283477373473,7.80236404194764,1.11056870881133,1.71880914289175,9.15416731096335,14.5002137946913,11.3913043478261,20.2090592334495,4.73341309969509,4.66738621107221,2.23416091170604,5.79109439720951,29.6130319148936,5.88340807174888,23.0381808713417,10.0146771672634,4.23787920375751,11.8212121212121,35.4435866022514,8.74172185430463,29.9166437666025,12.2295082293679,12.2295082293679,5.32856611631712,7.50666239204921,3.96808390022676,5.52137020125811,10.4730975993912
1991,4.04408631309805,6.54926201406241,2.41118378863666,16.9811320754717,10.4265603011602,4.06261999398084,11.1183095546909,10.3277728351127,15.2408339324227,11.6170772457431,3.59879493039684,12.8210569502508,14.2536409948237,8.97705173084403,3.46559548383695,14.9001220340965,6.32331902718169,22.5840379459682,3.08882698854844,5.51194517377115,3.31086956521739,8.62375121676316,10.8575339962792,12.4876185458377,2.78562549440615,3.17938658035328,2.96819787985866,3.06741765790194,22.0808383233533,7.62387533757925,57.4780976220275,9.30513595166163,7.90886798894993,10.7233219229052,1.27909692487349,1.96852540494154,8.53517877739331,15.8036984352774,10.7515657620042,15.4343629343629,4.42310044390725,4.29860849943588,2.11395208375277,5.39800572903343,25.7732371794872,4.20302013422819,25.1385644606996,9.774280873274,3.87844382981755,12.3764705882353,35.4435866022514,8.48837209302326,27.5114155251142,10.8038156476836,10.8038156476836,4.7650144363299,9.53401623341558,3.53797008568273,5.06756756756757,10.5594863398046
1992,6.99037152304999,6.36201933521616,2.23902106697411,16.7464114832536,11.5816318191492,3.23730396735657,9.92439287641662,9.89727200843437,13.350700097688,11.2464675552794,3.45698501440769,12.0629733891604,16.8676255164799,9.74865475552657,3.29377875975163,11.1271755103486,5.83658536585366,17.0178359096314,3.033359193173,5.14267602267547,2.56352112676056,8.56575944552447,10.3123200283525,9.89693284381215,2.62690620430332,3.00395264453822,5.31516727165702,2.98526201516685,19.1864927091328,5.88552093943545,34.9962207105064,7.7321029082774,3.84179606475183,9.72027216762069,1.25334742776603,2.2432059873912,7.24247614387081,15.1129617889459,10.1146325016858,11.5228673370094,4.30190763942409,3.99098610974288,1.47025714817099,5.66573188562115,26.4798002723559,3.9732770745429,18.4214785095126,9.69260729164099,3.67686807902324,10.1225296442688,27.2551339074477,9.32504440497336,29.6495746507453,10.4106746348698,10.4106746348698,4.44202958335789,11.9525303778876,3.27306168388496,4.7275504318084,9.38089239470594
1993,7.08607886204372,6.3810935335245,2.05751372251182,16.7731629392971,11.1583204797183,3.00544454422991,7.05054151624549,10.1145458633094,11.0300554420776,9.41532579257607,3.44489084786311,12.2562490898244,14.7961048080659,10.8020523899541,3.15876853437863,9.42314203779843,6.81239015817223,15.6974516190841,2.84775867447109,4.8987591294078,2.33333333333333,8.11759431932291,10.9685970547345,5.13950299434712,2.61697469578942,3.01093015651877,3.7046204620462,2.83623979848618,18.8718662952646,5.33088714796233,20.2681388012618,6.93672099712368,5.4523204367881,10.7255042135136,1.25552841771734,2.19525794546372,4.75638849382943,15.8109209453953,9.96965756393585,6.85146443514644,3.89346167698,4.13508636246455,1.79960691757394,5.24286169764644,25.0974614687217,3.96337861783816,17.0762529773917,10.749149346678,3.76043244337477,8.11078286558346,32.8341050614721,4.527665317139,27.1738393764825,13.3826730526514,13.3826730526514,4.11626997100486,12.1023020069321,3.29441520389716,4.09061290198934,8.71951695905988
1994,9.36837532754282,6.26089197614197,2.02627916406396,16.2861491628615,11.8260783388741,3.03095725656255,8.40746248479113,10.2269780956638,9.27213722763097,7.9615947832598,3.36951649302872,12.3832287660796,14.0883852274478,10.2048623096603,2.93625742214495,7.52992559042381,6.64430746918057,11.4547504933747,2.73639781513797,4.89696377122681,2.21760736196319,8.44884051738397,10.3457325337443,7.59889563354418,2.56900009550186,3.0301546336717,2.84445505250992,2.76337447454063,18.7007874015748,4.97526175633965,22.655707339662,6.8815592203898,4.69000767808586,11.2340270908614,1.10885416666667,2.51364297927058,5.50309477913606,16.2982565379826,10.7369448511469,5.61182019977802,3.7767013928933,4.33186490455213,2.34854835531479,5.42412458391484,25.8274414494034,5.34263959390863,14.0196253889546,9.66829478598731,3.85869901801068,9.31670673076923,31.3012929925881,3.84025559105431,32.992277992278,12.9423035790008,12.9423035790008,4.24008161178048,12.6466936825092,3.23167180913476,3.98323947238696,8.28515557655702
1995,9.35430542529686,6.00408729628834,1.9012255498742,17.0914542728636,11.4423578518563,2.93406851243548,8.13116726835138,9.0590524034673,9.08682970608032,7.0871449205585,3.1727128681944,12.7057924959971,15.1579223649271,10.6769670447441,2.87960013979282,6.74132239929857,7.49102656137832,9.00800286669852,2.37208987547374,4.57260679176181,2.41077868852459,6.63823027867972,10.5032657818451,8.49850389570016,2.5162925416365,2.83424285313819,2.26703278628605,2.69706084575007,12.3311802701116,5.40986729316147,24.8814630842177,7.77760449157829,4.88250806730194,11.1790919384885,1.10905554764954,2.1800909756739,5.51005684933483,16.0039618928464,5.8278656889232,5.83313693141645,3.33487582909147,4.42592217267937,3.86942353880894,4.67681688569956,25.0139664804469,4.61572890025575,14.2703306202509,10.5162776826429,4.00806440030607,7.97685554668795,28.4488505747126,4.29571984435798,29.379479654608,13.2708386100933,13.2708386100933,4.22068836494863,19.344427585048,2.80785378548851,4.05585008195874,7.57240943876998
1996,10.6039471929591,5.76108164555223,1.86221022984657,19.2982456140351,11.9872758971844,2.8638154885472,7.62790221949473,7.72697205225732,12.366452991453,6.46392618876706,2.97895270698618,11.7437088876688,14.9527564537426,14.8410643665282,2.83596682920336,5.49755338078292,6.39747191011236,7.87914459485972,2.61878415987661,4.42295444506778,2.14923076923077,7.01545681563765,10.3272867181431,10.6492516867016,2.56974087009011,3.07688002659184,1.98748910982422,2.64622324726508,16.3265306122449,6.21314022953367,23.1181515007146,6.87006764374295,6.9640008323507,9.84388131100911,1.0323653291953,2.09419240963556,5.6099720211522,17.6139537481846,6.00915399379891,5.52707930367505,3.74187824870052,4.49397560306334,3.6668713107333,4.59855147543495,24.5055432372506,5.89166193987521,11.9504256462694,10.1198533414126,3.72100147153853,7.32681336593317,25.2502309241509,3.54533152909337,23.1695587704885,12.8383956559639,12.8383956559639,4.10163677910876,19.5327688352851,2.4564510864166,3.78011830904631,7.62766298130711
1997,11.7514310748342,5.68630161751725,1.94611688864562,13.6107986501687,12.2654684840685,2.8252334832238,8.03956865075996,8.00949972662657,13.4445534838077,6.99255060275786,2.79085696889746,12.0187498986273,14.0949696959647,8.95809476823623,2.89041968125948,5.89347393761775,6.37466307277628,15.0983328341819,2.79494936209391,4.37956330391438,2.23376498800959,7.31003670017552,10.6778905710995,11.867992885364,2.55898439059444,3.27930181196682,2.24808714072393,2.73420772515385,17.7364864864865,5.75524693766092,18.5152947028102,6.1397400185701,8.52812527895737,9.05156481025136,0.825765153030606,2.01203657275286,5.13370508399154,17.7801164293231,5.21001181652165,6.58299180327869,3.64779230166857,4.36952585995988,3.19713399773774,4.43136582744828,25.4397321428571,5.32093023255814,9.15730126200406,8.25739600273712,3.63508264312771,8.9957963568426,30.7226084048198,3.69864428663654,30.3575524058529,12.7982985207708,12.7982985207708,4.03149829343612,17.6811432590775,3.27736696380335,3.60357163136676,7.35495062934196
1998,12.7172305966725,5.38823484588715,1.8307218301565,17.5886524822695,12.3268919009626,2.78141449588339,8.9784808322645,8.55625139789756,12.1003443187408,6.34201708806149,2.8155809481819,11.7605791386703,13.0582344281492,10.9329215281302,2.90282367374399,5.25512926299591,6.54926335174954,28.8047316384181,2.84896321935755,4.22779323913665,2.62994059405941,7.39816108213244,10.6595099337461,12.9432380336177,2.40832363213038,3.4053096591479,1.8669518693643,2.39047145305347,17.4516608824988,5.43300657870635,16.9139105058366,5.60222303206997,6.76782656612314,6.37701078495996,0.730591963128331,2.08431659346608,4.89557089663477,17.0342821372022,5.93848340270023,6.5839118623604,3.56362309692439,4.26047474533606,3.48801264234771,4.50970628576154,22.7388963660834,4.46513642269381,8.14038157744681,8.08980674987248,3.33827591375574,8.48993288590604,41.1612122487636,2.8551724137931,29.2645446715214,12.3697989600551,12.3697989600551,4.07548570449664,17.75699179204,3.34586968876408,3.52652902112019,7.25602088070617
1999,11.7222265067674,5.20876582935437,1.9444742410797,17.0186335403727,14.158162194723,2.76042432860949,7.26476203945973,7.5215806637253,10.1295097132285,5.75813588752591,2.89731501383463,11.4073698522803,12.5206429656602,11.1437866989732,2.86954132830755,5.17562927684329,5.68369917236416,36.165394072732,2.45055170563071,4.15916682254688,2.78274647887324,7.28097621014105,11.6405524932826,12.5684127593164,2.30730979612133,3.55541467432543,1.71161654427478,2.61528804107365,18.6344969199179,5.97130545107004,16.897305171158,7.08163265306122,6.80193626850103,7.82995961447932,0.716240445409078,2.08703487319586,5.13325101251815,12.1356898097542,5.76079151041251,8.68514784946236,3.60610202854175,4.19757326007326,4.07196799827793,4.38840504796656,21.9974391805378,3.28040057224607,6.72762092041278,7.54671074037495,3.35424029346676,7.56728831947099,37.3692484266295,3.17184154175589,31.8357578797759,13.0448617807401,13.0448617807401,4.38578774106478,16.0603036079112,3.35872243735399,3.18127978033219,7.12508971459071
2000,12.0049859663702,5.18288400684111,1.93159028105101,17.15374841169,12.3096970956816,2.73463038706315,7.03718058201406,8.16920943134535,9.79525360632852,6.24419839804014,2.74757242596902,11.7560784622428,11.3387431703261,11.4804912458984,2.76624322170998,4.46843401962338,5.71993937352644,29.5303770949721,2.64233485407162,4.03664247573078,3.44006203473945,7.46430804422417,11.503050861425,14.0369920069682,2.27348107945123,3.73457604206693,1.7973616269807,2.54790355855006,18.3162518301611,6.45320549879516,19.558707643814,8.44484269215452,6.64531292248175,5.85551177936802,0.853125,2.10722057223513,6.18147403288773,10.9042448562099,5.42925227023894,7.78847321753917,3.38422179293061,4.16703422724065,2.19681698856179,4.12432956795716,22.6964820359281,3.17811012916383,6.25855785093633,7.48423185444829,3.28420354668237,7.16781365802012,31.7941487486782,3.03030303030303,27.4293691906389,13.2053872592978,13.2053872592978,4.4014319940952,18.931931411073,3.47279569122573,3.11108187230683,6.9648505395956
2001,12.1021948130775,5.2337558515831,1.76504348593881,14.6443514644351,10.5139681996053,2.59930895523532,7.26148048891733,8.98635798405384,9.88593155893536,5.8775638151049,2.75741233589552,11.4189194966175,11.4198865828958,12.162468020259,2.90018063170038,5.65933354901326,4.96480938416422,19.2335196983487,2.47270170819996,3.92645351975583,1.78949806949807,7.07042635880437,10.5239547484079,14.5737639827924,2.18431771894094,3.53321886966043,1.72309196070828,2.64725012318944,17.7893738140417,6.99429920298209,17.9291829923088,6.58734052993131,7.81128945521497,6.78267930134066,0.821010329346017,2.07544885464676,5.18326424764666,14.5265899793714,4.31382234296534,8.80922165820643,3.33702562126758,4.02771578567026,2.52879516488245,3.9394655597737,24.6304118268215,2.58230141951072,5.56740688782536,6.76516246959939,3.27502188879516,7.35744374807356,30.912961489154,3.79707088459285,26.4980952054089,12.237599092505,12.237599092505,4.24224767337359,15.6379592767687,3.42061522523985,3.05081863197211,6.92207292408158
2002,10.5088683095275,5.35459331229545,1.68193442016185,14.5217391304348,10.123572344162,2.45226012730633,5.97831325785597,9.00429662635264,8.43222985633979,6.05109083177967,2.76494828683953,10.9110941620306,11.1891024634835,12.2510460446717,2.83410574229878,5.67169414240617,4.85678391959799,14.8420169074885,2.43058315825336,3.87583863805826,2.27838258164852,6.71960993855196,9.87955181493868,11.1046598360798,1.92772162089632,3.64144216008424,1.83768053100297,2.65699201336045,15.92082616179,7.181656163928,17.6731244847486,6.00918099679394,8.67164471095617,7.50639950569335,0.796608746747251,1.97959737615924,5.09935856096759,12.4991348882276,4.83016278449163,8.7023831863389,3.26615832347257,3.8071995118975,4.92407720221644,4.49696748041815,23.7260568031704,1.86393027832443,5.39754337819723,6.91875585610365,3.31542282636899,7.14627855563744,27.2086274509804,2.97798420808175,30.4262984088862,11.6324837980835,11.6324837980835,3.76830670529372,13.5832091405862,3.09862757421184,2.73210420061781,6.91735183380197
2003,11.1102869895055,5.28148237608047,1.82318437443309,15.9146841673503,9.87597269802709,2.39228116618482,6.70681042049184,9.1545834357336,10.843989769821,6.09743494346954,2.76081510533127,12.1655184384437,10.9738076621043,12.4455310135008,2.73465479119305,4.27702702702703,5.67626321974148,11.9771103003648,2.99363467944148,3.93403524955552,2.33670886075949,5.35264831143903,9.1001192394033,12.1257682304056,1.79845222072678,3.61236604001283,1.74410023406306,2.68290318170404,16.0666666666667,7.17968137292593,17.6671085021776,5.77889447236181,6.8702757291061,8.55321741575667,0.754260022852601,1.79823558885955,4.53087520483051,13.3974309668487,4.87917896615638,8.37180473625716,3.23025374332484,3.61833083540313,2.45931008565616,4.1336572883415,23.4499845153298,1.88441522870446,5.10037590157878,7.32468433366599,3.16275978733688,6.79839502129053,26.2324626865672,3.885949441505,30.1215182460378,11.3915265324284,11.3915265324284,3.70693894520757,12.5364452458136,3.00479051981342,2.71751203258053,6.86561118143854
2004,11.2576726449649,5.23522482531062,1.65790767717745,15.527950310559,10.1051512216247,2.34513757958303,5.86350593423623,8.478110797906,6.89443535188216,5.95841131926439,2.82151151446051,13.0299481983989,10.8797908196963,13.0956162964777,2.68636744635346,4.33898305084746,4.96579042131797,13.2733741846215,3.04566277841148,3.97160816369336,1.88438661710037,5.4724242982751,10.1174301927422,14.8958034123966,1.73026302961764,3.57956941551784,1.65668452117969,2.75134806492249,13.6259416966918,7.37958398806064,16.9712902687364,5.594646799117,4.95603828515233,8.02741653073136,0.696467863346844,1.70253943926221,4.37778511305496,12.266548632132,5.504788820851,8.82774140752864,3.26874050476763,3.25382731219858,2.67723748453569,4.11729639410069,23.0688542227004,2.00101703534198,5.57123548303687,6.75600981352366,3.27281550626588,6.06443308358329,25.9907192575406,4.7557003257329,30.5625268894307,12.4140810589053,12.4140810589053,3.6844637349264,13.1508263595692,2.78157558785982,2.62746871702096,6.56376667436567
2005,9.81309694966163,5.19949728244568,1.66192198199585,12.9010695187166,9.47922027308811,2.11453306134634,5.17451307801862,8.22651996370236,8.10162522028588,5.94497653298737,2.8740606824262,12.5179149358813,10.2287553421646,13.0350201445636,2.55942668842179,4.03093721565059,6.48268769283511,12.0645450105811,2.97754417195025,3.79724453303837,1.88834793898085,6.22584767234352,10.4231271973317,13.6125421078726,1.63714925850848,3.38888254301182,1.75622623574144,2.73547073979519,12.3342939481268,7.41092217378381,15.4446119065561,5.1344860710855,5.02325926888829,8.45817437424397,0.688597713967103,1.60902571956644,4.70195467459185,10.5128564422336,4.13283814130247,9.46420269642027,3.2792964836973,3.07086386644019,2.23122494768952,3.77164703203461,25.1889500119589,2.01406649616368,4.86510663386667,6.81864088876064,3.40993428421067,6.21336067342974,27.4614614210136,4.11167512690355,33.6977063030348,12.1980963715634,12.1980963715634,3.60483050633727,11.0755281840732,2.74225830690153,2.57289066252379,6.31396022818637
2006,9.02965197793677,5.26488701791899,1.55982953492681,12.8665077473182,9.77435613164746,2.16466316605627,4.91462443690633,8.07113543091655,8.24929228591649,5.07503851812456,2.90352212845166,13.3799314118171,10.1873122882247,11.5882211265148,2.76439698138777,3.79337960491191,6.48674087412015,10.2712119141959,2.98871031494201,3.73536019722208,1.70445235756385,6.16937288894315,9.47841178366452,14.3206776923474,1.52893028052141,3.18315246905678,1.90467075038285,2.73163525325929,12.8129829984544,7.31758694630637,11.1004784688995,4.55896406727829,4.56305309734513,7.49444844087199,0.685060135054141,1.37873331832921,4.38251241800326,11.0609041957795,2.99903389586631,9.45974798739937,3.2113835562968,3.27753926602165,2.82849656539905,3.56885099919389,23.6219512195122,1.92710430930326,5.20909236011353,6.88694606578321,3.34887438390835,5.44971994829815,28.7812418810081,3.24592713876381,30.928423582827,11.4461294600673,11.4461294600673,3.56440840065625,11.5276800556152,2.63075457585076,2.46855169232407,6.18318869012024
2007,8.36451242829828,5.28441792672981,1.82864212363054,12.6624737945493,10.3575151103263,2.26102797969689,4.56028846597294,7.57865689078677,8.11937312437479,6.19886562666449,3.07845153858812,12.0734841791168,9.62772673372771,11.6691799902649,2.63603450235296,4.26474375482874,5.87850593311758,9.07966144588477,2.75834901677254,3.62884475897069,2.05891391653571,5.69224307939522,8.85118354940573,15.2530831917986,1.42747309072271,3.09307315471865,2.01485238276224,2.67184044786564,16.049112036834,7.45530866961437,11.9362244897959,4.65191447041273,5.97508629512739,7.56508388713066,0.654172877642284,1.70104494941118,3.7835057438418,10.6525424643925,3.03403083135148,10.0091837370027,3.17281396219706,3.18746386465725,2.04228294476477,3.56074219436592,21.8638275499474,2.28386590864536,5.2572278005804,7.10203832166977,3.09298131163897,4.32116133504598,28.9514723819481,3.50447966919366,39.2225615842217,10.2470550222113,10.2470550222113,3.472430389101,13.8673058776832,2.68796044314636,2.43806867620535,6.16252580878196
2008,7.68615179300744,5.12611053421022,1.7459147315395,11.8416447944007,8.13035028848964,2.40650843509762,6.20932806837847,6.45590327169275,8.35368832437714,6.6857141398777,3.21213682290467,11.8564495477565,7.64650828265653,13.145992483681,2.68792635456182,3.91845979614949,6.06203214442977,7.94308856442502,2.90555542456283,3.55947156743481,1.66336976068613,5.86690615323348,8.8887836430656,12.9836313037151,1.38841063857125,3.21045073151802,2.69970615790818,2.66176386450202,17.6524446072148,7.46820811400407,7.44142455482662,2.85506696992671,6.12871177067267,6.77874761060316,0.677953141249159,1.40811007235611,3.15461109061647,10.4111188654889,3.04237085339954,11.0491284472799,3.00344500261308,2.98819980894714,3.4012644964214,3.44664850554426,19.3872870249017,1.70602409638554,5.32796736265979,6.99126907502205,3.12292195157993,3.96918180529077,27.5619651956543,4.26123936816525,27.9504558223353,10.1559148215469,10.1559148215469,3.30003283872273,16.4404414053479,2.37478695093144,2.41246066640218,6.08820558826397
2009,8.75745061648073,5.09118286415554,1.53927540878487,14.0841248303935,9.7293875642094,2.13561075511734,4.91732399394523,5.98189415041783,8.44258214404248,6.28633922288823,3.17257451065171,9.11489406007601,7.39929181221497,12.5733855943156,2.38816148950943,4.15627051871307,6.3355658426081,6.92352961539793,2.88557054173174,3.67118339009668,1.92634377528609,5.96260576481486,10.3147347654176,15.6906708771866,1.28251595122135,3.04085840104199,2.39430144878019,2.5150689481741,18.5058999501413,6.73309160558223,9.41434789367325,3.9893722685737,5.90108619898349,6.05871411662179,0.658230911975903,1.80449444184794,2.31571964752657,10.8120335759434,2.67571308289408,10.5574043261231,2.91820797369503,3.01524779916837,3.27818978939605,3.5024317448331,18.1956155143339,1.81702990369995,4.95535383749685,6.25907404420068,3.05451821246552,3.51962320133622,25.9463374640151,3.17877969762419,23.4068104184458,11.2068662254642,11.2068662254642,2.93821039536366,14.5576697478223,2.2593490910363,2.30611253076646,5.94956792136061
2010,9.09097961637672,5.02028065651807,1.55432460438281,10.1181353767561,11.1722830540773,2.02398110950964,8.8414565782869,6.16589010073665,7.87858621709553,5.65586255919795,2.7734066840798,9.60621888422914,6.96911788461849,11.9831563586611,2.46787033157623,4.25757254818894,7.47897476972367,6.13303427490012,2.76742415395532,3.46229009915239,1.42196981989291,5.19327660291516,9.86423078543245,15.9675403993929,0.885683249254336,3.00533017765601,2.59213078236892,2.51433216237335,17.9299724428595,6.35920263208825,8.39527027027027,5.51754479522184,4.64324604918564,5.60134991856273,0.610134711988168,1.63593453471963,2.41642294421055,10.9135285913529,3.26537932104151,10.501537348526,2.75173932531717,2.81094901029478,3.24994458617827,3.38991973763701,18.4698416852021,1.76767676767677,5.08244215305867,6.37736789920157,2.86753347064882,3.27792500593308,25.9474893177098,2.13432171979244,32.2008970177074,10.5902576549521,10.5902576549521,3.01378653949354,13.5303583005913,2.40348770013484,2.18778672647569,5.75833450928461
2011,10.5059040731696,4.83693062657808,1.55406732517693,11.4529914529915,10.5570175438596,1.90259081312191,4.76331549182448,6.42520947553533,7.54730608117868,5.63173140563354,2.87019825887948,9.89077890288409,6.16618303065546,10.1778511087462,2.32773923640097,4.30466159547494,8.74463519313305,5.98366155779697,2.77607809543533,3.36006966306541,2.22866129843986,4.57595659623073,9.59276900676337,13.0100180984616,1.15319180412752,3.00147268139019,2.84691908569614,2.52370831203896,15.1539079229122,6.85814183428307,8.96470729944592,3.66899756775539,5.17555008058618,5.73266208074993,0.631770767877341,1.68051328857475,2.20730672558154,9.75643194995147,2.81357891994007,9.29145272024462,2.7326004220056,2.73982149639195,3.34867122054618,3.33412846602453,18.7058566008367,1.8129839189994,5.32854611399611,6.69891795958092,2.98224502769957,3.53220969406633,22.0141526551349,2.35425578350065,32.6285107867651,10.3543141864832,10.3543141864832,2.88568280323274,13.5262842071477,2.26053070457885,2.20982589553732,5.73539221462299
2012,10.2567292130895,4.5748480922775,1.52004068801971,11.888205402514,10.0977162339507,1.84454979780103,5.12124188816404,6.1137568735271,6.96624644164295,5.18806922928762,2.73273478077143,8.86067175961192,6.03539546180845,10.8481404734915,2.33252902344639,3.83025956284153,6.87690601607985,5.2159270839194,2.75362708944578,3.27642861801385,2.69926018361708,4.55076561125335,9.27261936043424,19.3232892869524,1.20657327297565,2.8205640548868,3.05933319808956,2.47621830292155,12.6399129699021,6.74080402487066,8.79514568240706,3.58454977857963,5.14743164843275,4.95811846491353,0.624976596143044,1.68706487616547,2.56326232177872,9.83284827740957,2.96474635857603,9.03661272232014,2.62725416309768,2.80582138367708,3.38615848101172,3.28579108820088,27.3964029885235,2.31728159243993,5.16174622601833,6.25044041278806,2.87561681129828,3.50769282564051,23.0993743989847,2.4264049955397,31.4036000986328,10.0350224084102,10.0350224084102,2.87773774142704,12.0913588178606,2.26453174016852,2.11335348855471,5.53636674328506
2013,13.2187285904879,4.50561734754666,1.4537368568918,12.4710804824022,9.21386274351678,1.79797704903161,4.7910519336756,6.16762520968129,6.78153360515586,4.89334303122802,2.50837990296678,8.62979750476974,5.96763139559939,10.9081386001619,2.19857958501601,3.79029684008937,6.56284563122136,4.54170429223863,2.69969936340848,3.23247961040755,1.85626420295794,4.55281768428254,9.29598164191357,15.6112745227937,1.23589954713874,2.74578841236868,3.25726624447807,2.4254314883185,12.4805352798054,6.00672691169915,8.57637598853564,3.33916462270957,4.55483355969483,5.39701455092825,0.78233459274229,1.82853465092516,2.55766307794877,11.5562153589146,2.89502695130493,8.3699953315697,2.48959168369062,2.70173114240646,3.32059203406989,3.23384640588581,24.806078893141,1.79037644201579,5.45833472295863,6.86566306320977,2.88678447222483,3.7819225244428,25.2655483777573,2.7428949107733,27.6009582477755,10.0636554746454,10.0636554746454,2.74290391053193,12.517053371297,2.19810209018173,2.18903091390281,5.46083727867526
2014,13.4377416098986,4.82267052208294,1.42919429974528,15.5508830950378,9.67347446019768,1.74633706581455,4.38524512900119,6.14716003480737,9.05517941773866,6.07970793192482,2.57991356740854,8.24692372539157,5.98954268298033,9.94286365039494,2.08135655194479,3.7495992305226,5.73141837065888,4.39500301932367,2.53506388293473,3.25614597135517,2.3131950706342,4.63681558840212,9.50479107132916,14.8031381432195,1.2262156448203,2.52277541156925,3.20805327170309,2.49499036483098,11.8145681134508,5.12034357468412,8.09731167056987,3.77094565059012,4.43171970932116,5.5273466332966,0.655648816882469,1.83796611695196,2.67464102108314,11.0783072330923,2.43235519994285,10.3508810846303,2.51640607582176,2.64848443127623,3.1028480644915,3.23330512682439,21.3934426229508,1.78982787627799,5.49240502496229,6.19746188554642,2.52996154190144,3.99254349443696,26.5526038926881,6.81071737251513,23.8690569667465,10.3541007033794,10.3541007033794,2.76599880798012,13.510571601522,2.26747263716707,1.97294092381815,5.30106996551845
2015,13.565595840971,5.23886768239585,1.36811785600437,12.7247125088008,10.5059748939552,1.69264376750606,3.94577677069237,7.14147874510669,8.47865764979639,6.14369172003146,2.88044713216989,7.62996327965248,5.60489058683456,9.94316974055882,2.03831120877537,3.89833175952156,5.27398700144811,4.07148669740885,2.56676520588555,3.29635971187032,2.10977500804588,4.81475735041504,8.83048754242221,15.5491041230566,1.17643979742727,2.40122699828436,3.14252691439486,2.53995917978834,12.8025904421617,5.04965524809335,9.20434550786457,3.57580845375263,3.99464853886164,6.08663656589902,0.58186410219049,1.69724005310754,2.80815974289609,10.4176215192766,2.57078164426407,10.3677554412595,2.52558447643514,2.65389609004107,3.77967063844111,3.10792988037247,21.4885014836795,2.01179125118276,5.21823526696024,6.11962083244294,2.75533673127377,4.24646504481855,32.6525781741553,4.0613414223121,20.9549507845239,9.9937291433128,9.9937291433128,2.88372665994218,12.5436498685403,2.20396284529382,2.00638205646091,5.0734495500073
2016,15.2039204276632,5.60746925331164,1.45739672398483,13.3509669811321,10.567240412765,1.68438746164385,3.83296309077707,9.96490448689471,8.99423107955462,5.38717775711047,2.85661155873435,7.58538610766889,5.47672632311926,10.2392679599669,2.18686434931971,3.72723167243715,6.09784968593353,3.81604383163696,2.55118058194676,3.38228115001895,1.46506559216099,5.15032589736528,9.07949825233342,15.406504480658,1.19337497035339,2.71980198614624,3.34044890693664,2.49673620739849,15.6081500807554,4.92144107821081,10.9103382616487,3.63992759668673,3.70148797031121,6.05632027782056,0.728947221238278,1.80995539217111,2.17733875494585,10.4447830178413,3.20083806421804,9.50873417144939,2.66600251643934,2.84069545005759,4.43562176890317,3.20846729269457,23.6760940409683,1.82508104921898,4.88761450205779,5.49987079528509,3.43714121699196,4.48779835416745,27.7478149611103,4.07479765559587,19.8111632229305,10.2106538644794,10.2106538644794,2.67799149633988,10.8666383875778,2.15970009197923,2.04970045988619,5.00292590089719
2017,14.640902205633,5.45295420339387,1.53610008182722,13.4273066169618,9.21589898130338,1.69817024455759,3.98063244501644,9.27105988731526,7.83288442703232,5.1953023255814,3.34169548674661,7.61236966822154,5.26286689856262,10.9414839068896,2.25172074729597,3.76207642393655,5.56612887759505,3.75449708485764,2.5195475031103,3.37792375596832,1.77849759771458,5.2859857094567,9.38975713149359,16.0487097251035,1.17284584574304,2.78358701543774,3.34150892129336,2.48930795245756,16.2443972635055,4.91714984216787,10.7787724456579,4.39139872900019,3.38782788414991,4.99175203884972,0.681897453784444,1.69816163103146,2.3686334945451,10.5925412886245,3.39905692041947,9.24683655670482,2.72451421460706,2.95301242601231,3.59175064073856,3.46388727572821,21.3381057268722,1.93243243243243,4.58462967850327,6.0026447307155,2.72675118395446,5.58939434662952,30.7050650563566,4.11581231353404,21.556647080426,10.2499986966204,10.2499986966204,2.97731252537661,11.054036827746,2.12098530822256,2.0511966439056,4.99285049480969
2018,13.5998710909235,5.14446203800208,1.52801954740725,12.0394047369524,8.91062400524295,1.70545569483377,4.0353959175721,8.14910747221376,8.20050135961931,7.94944122448789,3.24053601561142,7.32994437721422,5.04850113166337,8.75192450619482,2.52737026013819,4.15294615167747,5.86441206355071,4.01165991445632,2.55249833497829,3.31211252281206,1.55957351116625,5.60141482349158,9.10259560090533,13.9177442644279,1.13282287867443,2.80880728379868,4.46911744517422,2.61984550513035,15.0107991360691,4.93775997197776,10.0198899116518,3.83106768620787,3.70774982612472,4.21099827924675,0.643070951613434,1.86069887441298,2.35500492691739,10.4896483335752,4.22303519077253,9.17348094434563,2.87768267229762,3.06146957835462,3.95441657763576,3.5964521461819,21.574389972558,1.62513945704723,4.66661360346713,5.66261243808706,3.09956944162665,5.64601729197543,25.937056778679,3.68927250308261,20.0325249463181,10.1253109912926,10.1253109912926,2.99989868166973,9.88808976582023,2.11579117175096,2.0560585885486,5.0074957944585
2019,14.3587420808035,4.83440199862324,1.54167679725207,12.3305263157895,9.18007765330027,1.7117751712701,4.02395904828439,8.45959209882583,9.49144295302014,9.52754546239216,3.16463042573107,7.03739588172679,4.90676386631028,9.56741366924133,2.6075100191671,4.33688815969374,5.64522756005057,3.77748998438654,2.53798774387194,3.31778634324232,1.52871840277345,5.45574202040145,9.31986508373113,14.3403756942962,1.14766402623496,2.70572879347407,5.62976914559121,2.66058757430349,15.2017700979876,4.55972778222578,10.2209201586795,3.52352461245581,3.5500568255017,3.78939753766266,0.534913269639811,2.01613952821463,2.14652151916101,10.4736105174726,4.95770572905164,8.81311578171091,3.12969900114747,3.33019672421568,3.66673410897471,3.67256073586337,19.1841203351104,1.74810301218671,4.24113821263873,5.20858474588265,3.23903103842434,5.51057555276488,23.1454202077432,3.75077036854431,19.7142370856143,10.0961824955332,10.0961824955332,2.91530270463228,9.00726611290422,2.27293497725542,2.17695440946874,5.14134675021302
2020,15.6940456433917,4.52240155321388,1.5570304159137,11.3323321175713,9.35278823889101,1.72189781560744,3.66559393307463,8.66285571876903,10.9355131698456,8.78784490676037,2.65763445291572,7.10103957179608,4.90369088643851,10.5399249010191,2.57519236192241,4.2206676485027,5.66631569514763,3.60547923882165,2.49331491875055,3.25440249803083,1.11373963596321,5.09896105988,8.76108086069024,14.3905696103475,0.984748173213673,3.05164087249818,5.27826220964883,2.28404088590286,15.0577676913555,4.46985834286747,9.87350569919377,3.41206609796663,4.11587549148262,3.9905891888241,0.495215196617509,2.58321752306492,1.93419215823628,11.6552058874353,6.18655548476094,8.39053700654481,3.01322078474295,3.17990571510394,5.23157630945028,3.46581244461647,18.0306177398261,1.67285287143004,3.9748638593408,5.00476029803979,2.90402633578121,5.26286070616656,22.5050895670847,2.98496638278799,11.3838285579531,9.48752358059809,9.48752358059809,2.6332065478476,8.39300179675366,2.24620938066454,2.08990579152978,4.32506487704256
2021,15.0249560855958,4.72665466396968,1.55865661676857,11.044014458856,9.01293886859719,1.89472020915183,3.85406587490499,8.66059692720681,11.0513425253991,8.36853679573871,2.76364039241925,4.90381061206967,4.92808107961642,9.30593589289197,2.61044461238113,3.82108466471036,5.77947741905165,3.56565115265765,2.31572477182249,3.24161523469222,1.40652360788309,6.69509391485181,8.14761529514957,16.3292452835812,1.01398006091447,2.99024897277989,4.63857947188061,2.38157807913597,14.5637014700339,4.48545779975004,11.9836105351392,2.89491776402771,4.95272758682969,4.03943841397065,0.5558568329718,2.47117284219306,1.77150527832844,12.0052667878864,6.21286474999539,8.20317376648958,3.03494941335448,2.76612995529462,7.5918281152075,3.62132536621435,18.1490247286379,1.50052158362724,3.70255863936557,5.17221726604806,3.20177106800472,4.98782986720404,22.8100064489427,6.3633158598006,15.4275883640913,9.15032868476284,9.15032868476284,2.70547945205479,8.60080528375178,2.4611960804351,1.95618244956885,4.50810429590069
2022,12.6723191708794,5.01320792431516,1.45560179338752,10.6603858784893,8.07847804146156,2.22658029080478,2.74253033694725,8.0946479424507,9.90316466128235,9.21209058089924,2.88605986486604,5.78330362218988,4.88059978147301,8.25542227746112,3.03926415997614,5.00266230223677,5.42690247712564,6.8506336108592,2.96643767849499,3.31391072960258,1.24905301539039,7.61368006592803,8.05391573415815,15.4868078956634,1.03001656214526,3.04470549140151,4.12688158011876,2.50592583047505,14.4763229486617,4.43027022807406,11.2258357041252,2.76287194409272,3.76946814506454,3.55966629436503,0.475000900760242,2.40492421452315,1.55234657039711,11.8359264926801,4.55134415878453,7.9866965838633,3.10883836506197,2.75009956229579,4.51733514615908,3.89568808023564,16.9842664018941,1.40959409594096,3.70741922877445,5.08486807262932,3.16667289230884,4.6845350815175,22.6722477025115,3.75717253444129,15.583361515049,8.72886143941493,8.72886143941493,3.04384223794216,7.25308828297056,2.75987281450195,2.18952895727828,4.70938785223391
2023,19.3356801632722,5.0598473314133,1.63257715135905,10.7544439851178,8.03525512271692,2.2165166871208,4.20280676436152,7.82650014898347,10.1918074324324,15.1051005846615,3.12365093393613,6.06075980833149,4.97382615430347,8.30994304586852,4.1000167886888,4.65572088250385,4.72468701539393,7.53711749128732,4.44072369237198,3.56687138932718,1.91503049833122,6.56533029905393,8.14548948116923,13.5311645865246,1.01636011281643,3.04345179262221,4.05757864175511,2.82164137167882,14.4887962285511,4.11434008984267,9.44822108142393,2.72900773757629,3.45481167276877,4.11401149851632,0.524061035881981,2.36916156773443,1.73109742242753,11.1220390401381,5.62613529296511,7.47868449454371,3.38840482057177,2.9057021979702,5.52490050899901,4.00192261475607,20.6573632023504,1.41848821589938,3.79258370096719,5.02415526967586,3.44220286894268,4.3681425815142,24.0445199976319,4.43010899182561,18.0287391370636,8.59972586916144,8.59972586916144,3.20646584361177,7.02481487491149,3.06127811645995,2.20246689332899,5.15239962242416
