Country,1990,1991,1992,1993,1994,1995,1996,1997,1998,1999,2000,2001,2002,2003,2004,2005,2006,2007,2008,2009,2010,2011,2012,2013,2014,2015,2016,2017,2018,2019,2020,2021,2022,2023
Africa,,,,,,,,,,,,,,,,,,,,,,,,,,,,,,,,,,
North Africa,,,,,,,,,,,,,,,,,,,,,,,,,,,,,,,,,,
Algeria,666.8896312,682.7286376,1142.434963,1228.382107,1494.401503,1447.902333,1648.586329,1982.854794,2097.121449,2213.236731,2568.172386,2810.894101,2872.405441,2810.499289,3196.790783,3346.673172,3430.510099,4024.924222,4689.591679,5093.384893,5390.348752,7714.487925,8117.902483,8768.654982,10098.60135,10565.03024,10596.56411,10035.46938,9624.504002,10383.20782,10141.07336,9455.120355,9145.810174,16052.12907
Libya,,,,,,,,526.4608208,593.8495416,458.5358636,490.766702,480.1241052,617.0520687,768.0223595,1002.913985,987.9495656,869.2569084,818.1165428,1236.437418,,,,2682.667158,3497.961529,3236.511746,,,,,,,,,
Morocco,1845.199766,1937.809725,1922.419897,2028.248155,2082.192823,1917.69552,1912.573261,2003.07748,2026.963749,1433.362906,1578.403347,2351.393837,2237.206819,2369.747883,2303.242059,2390.2118,2413.030628,2485.024355,2771.800822,2960.479923,3168.340679,3191.438259,3420.971507,3908.272037,3875.234437,3577.909489,3599.711151,3705.59815,3731.482387,3809.704239,4883.245061,5026.030416,4995.028074,4868.719082
Tunisia,278.8275217,285.0569699,286.5951032,298.2318832,308.6888021,313.5582168,360.6499843,356.2166656,363.298124,359.6405245,375.7687449,390.539478,386.6502476,402.347438,409.6213321,440.6709421,464.8304003,428.8578819,466.3053516,480.9093598,498.9340488,595.1692504,601.1943818,661.8925975,790.7746494,943.4134326,1004.52727,932.551601,936.2981123,1151.413236,1205.706839,1210.355285,1156.186916,1113.466124
sub-Saharan Africa,,,,,,,,,,,,,,,,,,,,,,,,,,,,,,,,,,
Angola,359.6252069,215.1873072,188.2255439,3014.014748,13094.65121,1412.661574,1058.235114,1696.06517,523.1346267,6685.65919,3096.943461,1866.153792,1912.898917,2526.124868,2404.467022,3406.69728,4001.64646,3509.737379,4751.210589,4622.802149,4946.65824,4631.710125,4861.044758,6639.35288,7085.001136,4170.569003,3331.954433,2882.802335,2376.791945,2171.788155,1901.093962,1619.929593,1622.763732,1639.712947
Benin,46.82997246,,,,,,,,,29.03249038,26.18442069,23.451315,43.14014699,47.09370523,51.32476354,52.04189372,52.0230206,,56.36551452,,,,68.69352035,72.77461836,79.1816227,92.38624053,81.73888777,115.570255,84.78885137,67.97716973,68.32699944,87.81903027,110.0103703,130.5229312
Botswana,264.2919189,283.2872354,262.9422999,275.546941,253.5108545,230.539968,212.7999182,245.4664067,300.4857665,285.8367722,316.2938693,386.9449701,412.4160579,397.8445176,367.9489647,333.4346936,328.2607339,362.0239155,387.4723737,373.3797385,350.0804752,338.5466921,315.5793638,308.0034496,356.2831571,432.1708853,606.6147863,566.8646676,515.3508948,546.0738721,552.4700039,537.2161209,485.1020547,521.5971063
Burkina Faso,98.09124836,81.86541524,80.18880764,72.60895918,56.85730244,57.94990214,56.40038755,65.27637544,64.32672789,71.72195642,73.06051043,71.97570332,77.22648436,75.43089297,89.0837246,93.96656267,89.53508229,122.1001356,111.8757253,125.1225874,128.4789306,133.7077359,148.2526643,160.4836937,171.7120695,170.2856615,171.7255526,213.2724052,318.2425365,405.8837373,418.0307032,465.835508,562.5833492,793.3734815
Burundi,81.72958831,83.71949095,86.04530268,85.059459,89.06486086,74.17141175,85.94438508,92.7441764,99.45618484,104.2465264,89.65704192,118.8780909,113.979771,115.8264883,112.5393333,107.8191814,90.05889221,90.4750614,75.48312258,,,,80.98709321,83.48340315,81.25097327,83.25438753,83.30427189,71.78151832,78.25108061,105.6856792,81.50462727,78.61902188,101.4342212,152.3822283
Cameroon,221.7506151,226.6029241,219.3291488,221.804324,180.9252118,179.2025838,181.9504681,201.1258082,227.8081593,246.0652754,238.9978343,238.0804254,257.897445,276.6426891,294.2673539,290.5878376,315.6151494,331.0141394,342.9800815,347.6085994,371.331641,337.2925611,362.3107514,380.7478868,382.4496228,392.5987871,427.2743901,440.9775995,436.8570988,441.6349353,394.3372076,418.9354767,416.6380216,414.1652593
Cape Verde,,,5.197466741,4.466435732,5.514491092,8.639378419,6.01658417,6.014736602,6.681599808,7.486645416,12.06359895,8.19661192,7.45527834,7.858734084,8.1236112,8.866224586,8.226863284,8.212958721,9.733830538,7.937707631,7.997576443,8.637091224,9.093477259,8.739803896,8.9756569,9.520921136,11.04155725,9.92518874,10.67646538,10.10720795,11.44213973,10.76443553,10.25066827,12.20744239
Central African Republic,,34.35398233,34.9634308,31.81169759,27.95831675,25.67431068,23.77303144,,,,,,26.32128754,29.63464618,27.65999042,27.36322321,,28.65227322,40.39841958,47.00031288,69.61828138,63.37067543,55.71138236,56.49363551,39.43467188,32.3457775,31.05959931,30.26462346,31.26473326,42.89524493,45.04573288,52.13129831,42.00180266,56.96001961
Chad,44.46548888,,44.47374634,57.65706341,45.08043088,33.55365791,38.27612426,27.69147966,26.01268,38.40446227,43.58566353,48.96819799,57.9467162,58.73360857,69.61857829,70.73819048,260.8315464,458.3301975,610.0556797,707.0208097,631.1755918,583.5331924,,675.5501084,359.1218871,231.7983792,328.253998,233.5573012,244.9812748,241.8120623,312.7223898,311.4263825,331.746766,338.6864035
"Congo, DR",43.22623282,39.74211286,75.83669734,232.9861144,,,97.45583913,80.23216796,24.14985786,87.98822543,69.27456728,,,111.5921334,184.9066551,217.0303603,235.5032719,222.348623,159.9528968,172.3128057,270.1517284,309.116418,392.397132,438.4171173,396.9146121,567.7000836,485.1398834,383.1758685,329.8002245,381.2072224,393.7761525,328.1677992,371.0815999,761.0742802
"Congo, Republic",,,198.4315445,176.3225864,,,,,,,,112.2443654,132.7793402,147.7858959,173.8282463,136.6807682,159.5096377,189.1302218,208.0779744,,230.8195318,,,346.1115706,659.1616644,,528.8018602,386.2580761,283.990561,300.6785127,288.5691539,286.9038366,265.8479727,267.8083872
Cote d'Ivoire,188.0423183,191.8735127,187.8500609,186.4616508,164.0146065,,157.543689,157.4295395,,,,,,297.4721404,313.8016948,300.4681902,311.0322553,338.6647085,339.3126756,403.2814566,385.6789449,322.8139477,393.2640283,391.3826995,472.6825508,610.3288916,642.7497768,526.0584975,601.2228906,565.185887,613.9264231,597.0508658,607.2456996,636.0498794
Djibouti,77.77092229,75.58515174,77.11162381,69.55682021,66.83344293,61.43162426,49.16250429,51.9146624,51.08558308,51.43406781,49.00466755,48.19979132,61.14171808,75.31229889,65.32177071,76.0601023,81.15105876,53.89597058,50.58824643,,,,,,,,,,,,,,,
Equatorial Guinea,,,,,7.560039965,8.216423516,,,,,,,,,,,,247.3791705,323.4935348,413.9374608,,,,,154.3372546,149.6611943,150.091528,144.3146279,148.3411056,153.1605797,156.8440366,151.7308381,156.7916349,154.0950109
Eritrea,,,,841.9692841,605.439304,949.5679529,1081.793761,683.1316618,1905.235278,2019.366336,1680.291389,1243.660488,1188.812161,1160.512337,,,,,,,,,,,,,,,,,,,,
Ethiopia,1036.88133,514.8298592,304.37571,336.5388288,310.2472454,261.7030461,304.5642278,560.0698862,1197.633226,1900.433292,1714.131933,1089.077927,905.1661205,770.8705918,836.1701802,839.2010343,758.0018278,694.2686823,555.0393229,549.1846038,555.408921,535.2410841,500.2176427,501.4457793,546.9971387,560.7457696,615.6624783,642.2538823,647.7416541,614.2456936,575.7161,550.7132201,1031.400406,999.1900411
Gabon,,,,,,,,,,,167.2832253,166.3019096,166.2409276,155.2149202,162.1904099,147.4002105,163.4261935,,,,279.4744303,260.2289446,286.8342673,280.1662967,197.5428854,194.1075929,226.9505511,288.5899105,254.6978203,267.7662576,256.1507004,288.7269614,277.674769,244.3429123
"Gambia, The",3.213654407,3.781488656,3.082725421,2.165863082,2.028911856,2.353560811,3.253236162,3.502278346,3.50433995,3.140683823,3.30076447,2.861546555,3.079543098,3.333041996,2.969628867,4.165833527,3.742130666,5.136430144,16.5625687,7.86179234,,,12.98613348,12.79328528,19.71418679,17.90315357,,,13.56726626,16.59099592,16.48810512,16.47654633,15.20518055,13.16316774
Ghana,23.51173822,33.68642402,36.57929589,42.78102018,46.55682863,47.51185931,40.03465849,40.14113024,49.931796,56.66692408,70.88170983,41.86472923,48.40081784,58.74521648,54.66178592,54.34789363,58.05363308,89.06767315,77.96789677,90.61531926,86.06676241,159.9969173,246.0124826,181.249737,242.3977954,193.8728177,146.4809082,167.396016,190.0072919,216.1798861,220.7446722,257.8743424,229.2788662,260.2239864
Guinea,,164.8299378,131.2196077,102.4731912,104.8791892,,,102.6759873,111.9616459,147.2669118,144.5961876,292.3779507,321.6443977,249.6171598,231.3399454,,,,,,,,346.5431984,356.8655411,341.5787488,366.6353198,296.685908,310.9501619,305.0768277,284.0388071,281.4124579,301.8137836,441.2601697,456.4378066
Guinea-Bissau,,,,,3.916003325,4.141878691,3.440341877,3.179405543,4.746806055,,17.69918401,11.43847718,10.83485711,11.04331723,,15.52173801,,,,13.60289104,17.34553449,16.08996213,23.82813087,20.19659393,20.29482578,18.98401895,17.3178775,20.38646865,21.42109142,23.9891811,24.93998167,24.97906636,24.53867814,22.98972287
Kenya,1263.800375,983.7554352,735.7079986,614.6638439,511.8427989,587.6592954,686.7653936,652.8310981,614.8960844,598.4735271,642.4524535,739.3290494,795.7591954,803.4230251,792.7725571,836.2401158,827.1108356,926.1389176,883.914971,901.8148889,956.1465834,977.1370881,1104.582431,1090.500572,991.3832325,1069.89161,1151.009839,1181.2223,1211.954481,1163.179782,1150.694332,1182.967065,1155.179523,1091.294289
Lesotho,13.86006675,11.60370515,11.10943403,10.27769695,12.05073507,14.97772937,13.39185176,21.75623681,25.7807675,36.57859959,35.10252671,36.88203159,28.21943709,26.57092577,24.78055587,25.26261209,26.57056299,28.94397237,21.04729832,45.00079107,59.38945698,46.16398712,45.04736131,45.49055354,48.27625697,50.75803449,51.77851934,56.64334884,52.40421339,47.7152484,44.62287979,36.2177029,34.6684999,35.77966194
Liberia,,,,,,,,,,,,,,,30.66564718,40.82902136,22.10715177,13.90297114,21.98114411,28.20761201,34.65208099,45.28669523,50.95399855,46.17412676,41.20734102,38.56078581,34.09911133,25.01441752,20.08520754,16.02766161,14.32401114,31.17251755,36.775,33.5935484
Madagascar,74.04455424,76.60371263,45.22276784,69.11463934,58.12583556,53.41489599,77.27590363,98.52455369,95.19315965,89.27614768,90.10445805,111.9790041,88.49369992,102.4650751,101.9320745,91.53166358,88.21065139,106.3242805,111.7808006,80.75027243,63.32462708,70.88048704,69.28731237,68.93801175,68.93095307,65.94277906,67.8836302,68.84177598,74.46898791,80.37665978,92.22945336,99.12049979,98.14916922,99.385621
Malawi,20.31724228,18.0698244,19.98312892,20.27407196,19.81222582,12.24274482,16.25578746,20.96617745,16.73584905,16.31808728,13.84824072,14.79836665,16.00301191,16.4306907,27.59442486,45.23279991,37.08651229,38.20333258,46.69291129,57.20923452,48.26759943,49.27755568,56.52927889,88.57344014,65.56706717,51.98468111,52.79811279,65.29624842,71.5601656,95.9210566,103.8507441,94.09447291,117.5469567,122.8677052
Mali,53.57423994,,,49.93782042,53.41191277,57.29393563,53.90882544,62.63413013,61.99725305,70.01196533,81.19363002,81.65736266,81.2892013,92.93828145,101.1023994,105.9424496,114.8567823,119.3491263,132.2623713,137.5531218,145.0210303,147.2515952,139.8093632,140.6628156,197.8463877,330.67819,395.847362,489.0057301,483.0598985,511.3356209,624.2743198,636.4764973,582.0175525,727.3698364
Mauritania,46.39504938,43.82783652,42.1930117,41.00965555,39.39459678,42.11945889,50.39422074,58.52411867,41.39522314,55.17538757,72.22230717,101.0169016,72.31852883,114.585959,117.866437,99.77602376,116.7302246,0,135.3788829,135.8188196,0,0,161.4928194,159.3291914,155.611354,148.3381723,163.8541884,171.0207482,182.6401725,185.6150122,229.1731019,245.0190962,225.3521355,253.3609464
Mauritius,15.88902018,17.87366954,18.48918969,17.89131343,18.660045,19.32659714,18.06465651,14.98843673,13.79474105,14.48037052,14.99536524,15.14352164,15.49252198,15.90026631,15.03747243,15.30214714,15.00368144,14.64509133,16.24261086,17.49519411,15.89954769,16.3863298,15.71574098,21.59226646,17.75616966,17.36825506,22.45488068,21.66058757,20.98567691,20.36634171,18.88991381,20.53777375,17.88459597,21.36969216
Mozambique,100.8613043,99.42698589,99.52644003,107.3187388,125.8127639,55.91601089,50.74891116,56.32876621,66.94809712,80.31817,83.2022681,94.84169106,98.19346308,97.10161503,106.314321,81.80135443,73.41658662,82.49923837,85.77882875,94.74224869,122.0658699,113.4662828,126.948176,146.7161594,164.3909157,157.939363,172.9393746,174.706606,240.0274329,258.3071556,370.1733708,352.6351061,281.8674604,350.3771645
Namibia,251.6149242,218.2498018,159.5635862,94.18499368,74.15240997,81.66139358,86.73125613,106.6816249,113.2335878,153.337346,138.0611441,162.7323798,160.7513524,158.4157103,167.5799086,185.5144964,195.5389682,218.3232224,273.8161767,288.6650895,314.8476675,332.6640862,327.4731676,345.0408592,507.3884795,556.2641038,493.6772723,448.8087801,429.7026584,410.2230345,407.3089289,383.3561663,367.5974307,359.5274837
Niger,,,,,30.57538444,26.22870835,24.09886952,26.56877295,32.70978438,37.34368867,35.79062169,43.79738964,33.76523689,34.08096174,39.69662243,38.14824019,,,47.53395015,49.24594665,64.67095829,75.11618336,143.4658015,96.69459634,134.0862019,,181.673162,210.7355724,222.2076075,259.0956363,237.9415309,187.606648,242.5070463,308.7318104
Nigeria,918.9025923,880.9907336,757.9126812,1024.516025,718.8750112,828.0751105,702.3572383,755.5068187,964.4221043,1632.096367,1260.353721,1795.037834,2709.605571,1667.930005,1624.913513,1434.711753,1495.433745,1736.774642,2439.40841,2535.162569,2976.510983,3313.652027,2919.086166,2805.97475,2551.358325,2488.768491,2403.300446,2298.57098,2711.757497,2487.648898,3202.421874,5008.224588,3109.384939,3731.181134
Rwanda,121.4087217,168.0175289,137.9902366,133.5529288,45.67077605,77.02193697,109.4991876,100.7814396,110.7714543,112.6676658,95.98864288,97.93592638,92.5932158,86.17354509,75.18921409,72.73939411,80.11301325,74.17578495,78.20611151,80.05865448,81.51751924,82.36099041,80.90115632,83.1045547,94.39442523,110.8630455,117.6710571,122.9424844,131.5435489,138.4280722,159.8908051,187.8088935,176.4316646,170.961581
Senegal,119.8235107,117.6045627,110.2229625,129.593713,105.92863,108.0035308,106.2015298,105.6888682,112.0045385,120.8651257,110.5273,122.0810549,122.4322307,133.0464238,133.6018474,151.6977495,175.8610117,197.6376284,193.4930542,206.7508112,195.1907453,211.5041773,192.7680998,222.9735798,228.6097309,244.5718232,345.0683973,337.899945,401.3992196,385.328204,357.4794067,471.4053216,421.0137438,411.6417474
Seychelles,24.82895114,26.92735613,31.26095258,19.70460387,17.34774295,15.97224532,15.33073453,16.65903253,15.72529719,15.79267095,14.79836023,15.34130922,15.14911516,15.11858855,19.2919821,17.67810302,17.36803462,21.14930349,15.9743539,13.56851839,10.19917237,12.41954435,14.61855069,17.10121959,40.03482525,23.5369562,28.81036995,29.11331693,27.67601794,27.57563872,27.86743533,47.20140278,25.16500411,33.59624544
Sierra Leone,17.60674889,31.69855053,37.25441795,30.3210783,28.65687755,27.65030581,20.34105503,9.661555801,11.99086077,17.44661391,27.99726958,33.25108114,33.08870748,36.10747093,29.32811386,28.71873512,31.97475505,29.94954514,22.48090751,26.52640276,27.59735125,28.72028595,31.43767412,31.63756171,48.63437347,41.13957112,50.47635364,45.82815645,31.80606458,29.00046417,22.5121225,25.48033581,28.00096113,22.17237298
Somalia,,,,,,,,,,,,,,,,,,,,,,,,,,,,,,,,,,
South Africa,4984.030172,4094.139256,3524.560691,3257.193879,3472.830087,3089.44756,2685.264927,2468.509706,2187.257671,2095.990308,2460.050064,2750.641964,3013.989305,2983.345967,3088.367913,3428.696702,3475.936791,3425.058864,3400.44414,3556.869993,3441.728888,3566.092445,3726.9606,3800.562993,3804.609667,3834.9595,3736.179719,3682.586672,3528.672374,3505.634781,3640.877535,3279.162389,3110.121447,2958.561175
South Sudan,,,,,,,,,,,,,,,,,3199.485927,2933.202832,4055.861685,2893.777953,3058.591438,4366.090443,2779.702966,2763.748187,3602.765105,2893.347769,844.2821389,363.9286211,511.1644769,314.3185377,167.5488493,250.7486813,520.4456472,925.4157955
Sudan,2231.24686,1788.817781,1548.769194,1765.874826,1306.521584,954.8440165,676.7397694,534.3277822,1546.613833,2771.422941,3570.206675,2263.564016,2655.496281,2007.48246,5702.755775,3973.85866,4674.007736,5569.737398,6719.201189,6552.211439,,,,,,3111.237456,3260.428887,4232.395433,2156.234828,1950.269136,1132.412004,668.0643349,,
Eswatini,20.88193614,23.02399596,28.97321866,33.51561305,34.81724364,35.31319498,36.20999122,35.10015364,39.0565982,40.87822067,39.16950482,36.85825739,37.56775381,43.75082236,48.29559056,63.20933226,62.89394652,64.02052586,71.7823975,78.03745744,86.71400423,84.70402922,74.73041233,78.9846392,79.43480331,80.42028202,94.23405829,86.87272013,90.65194445,87.00247984,84.52346622,78.80949419,74.30152058,72.37714437
Tanzania,179.9392026,194.9217568,194.7348412,128.2339367,119.5467991,154.9923474,152.7497848,163.0130414,177.6584226,176.5657962,188.2895079,218.8287728,213.9923441,194.2780492,198.1810816,213.8210499,233.6403679,244.7910656,248.9409427,277.1696509,358.8512228,386.3321152,392.3499512,453.227768,504.9468782,586.883296,642.2480601,645.0859012,678.6897566,686.0221451,728.5236451,786.4234467,832.2344787,903.0596801
Togo,73.31545039,68.45002246,67.76973851,74.77830053,53.35604939,50.05035302,,,,,,,,44.05761438,43.88589705,42.9989988,,,55.82003152,54.88176572,58.49697245,55.88415277,62.85097139,68.73663389,78.76480028,77.36405823,89.7845184,96.75865414,107.1204656,183.3279914,170.1463604,190.8544937,336.6083233,256.1670861
Uganda,170.3081502,165.8608787,109.5913429,112.011464,138.6973532,157.0602692,168.6432844,166.4450248,211.086402,241.6247133,233.7247964,236.0373279,253.1072255,272.6499462,311.7252326,312.5230442,302.1181382,309.0328155,340.5404174,334.7185622,715.9090103,709.7220026,362.3765559,304.2966413,321.9872751,357.3245859,370.986123,405.4237329,480.4305154,736.1781735,1086.837447,1105.670396,924.7558857,931.3219653
Zambia,382.6938302,255.8017754,290.7158075,141.0988938,165.9148818,139.5401639,93.33585496,93.56263086,,139.389752,,,,,182.546974,204.4001403,223.3192333,252.964988,252.01969,237.9332767,264.3474413,277.6491894,309.0668743,333.5122727,410.3489761,438.9839957,357.7895409,348.3103672,399.9597418,349.4844768,310.4510789,285.0061407,326.0787596,398.6772855
Zimbabwe,86.23013575,89.67985088,72.85733845,61.18264234,62.44143322,57.46905301,60.14168651,64.84057084,,88.02180073,110.767285,146.0203005,525.9770817,165.5206592,101.8906086,76.34373349,70.65069353,,,,55.9947511,109.2521906,168.9439872,186.3030029,192.6661621,202.0249703,195.0981705,181.091241,202.1128098,197.0504695,260.2124071,491.1832443,332.7173373,232.8592798
Americas,,,,,,,,,,,,,,,,,,,,,,,,,,,,,,,,,,
Central America and the Caribbean,,,,,,,,,,,,,,,,,,,,,,,,,,,,,,,,,,
Belize,8.356495536,8.23091458,8.988085398,10.26066155,12.89031346,12.77174267,11.87108695,13.85870223,,,9.741555749,9.845493525,9.920470883,10.59011597,11.04060034,12.6053189,15.5625145,17.03769485,21.78492423,20.32149928,17.88563227,17.69428623,17.24376329,20.04188021,22.18548178,22.15441535,24.23547639,25.44258234,25.68796551,26.83052914,28.55384856,28.37951733,24.190375,25.51770533
Costa Rica,0,0,0,0,0,0,0,0,0,0,0,0,0,0,0,0,0,0,0,0,0,0,0,0,0,0,0,0,0,0,0,0,0,0
Cuba,,,,,,,,,,,,,,,,,,,,,,,,,,,,,,,,,,
Dominican Republic,101.481782,72.8416449,130.9622695,187.7549397,189.3630828,145.4337204,177.10877,238.4813353,257.0095877,278.9280024,373.8759343,439.493721,407.2138531,303.5769357,268.5508896,332.6008189,320.9399016,321.0444773,368.6438903,362.0968521,389.0648469,370.178014,417.4864672,409.5960399,472.8590232,507.6900821,535.3768148,593.812372,665.472542,699.53141,712.5380581,690.8724467,760.7632419,865.4445145
El Salvador,489.7418858,443.7968566,384.8156945,293.361377,249.7709837,232.4727419,210.2171173,203.6906571,196.1867026,202.0730092,190.0544462,250.0388733,263.4613925,201.9892237,195.5185362,193.9071455,199.2849829,222.0752401,217.4148702,236.1599324,247.0503562,258.0296075,257.7796144,270.8973756,263.780497,281.4015609,279.5990397,291.6652051,325.7979991,350.5153986,381.4370726,376.8867507,458.494,434.4785056
Guatemala,688.8269675,523.3736162,630.1648484,577.0231218,562.7231138,542.6914237,454.2242266,389.6126796,407.721316,396.1869533,501.2078482,589.5100326,436.7237536,473.9455507,283.3395883,226.8339163,264.9171822,260.6182175,282.4424715,265.0389195,290.2092469,306.9598057,338.2035814,361.875097,338.7332281,336.5604096,368.7136575,322.7047186,316.083083,379.1144351,380.5360878,360.336303,441.3795951,401.3078451
Haiti,7.193214717,7.474656245,7.160125903,6.155793124,5.462378084,5.38163276,0,0,0,0,0,0,0,0,0,0,0,0,0,0,0,0,,5.805347409,6.923621694,7.77621791,10.0675084,9.424222486,12.81327409,17.51671384,19.9461082,29.87424449,12.7045283,9.867070197
Honduras,220.5305241,150.2954604,,130.0761794,,,,,,,116.5820023,133.006277,132.5227875,167.8834142,120.0926796,117.9877092,135.4287644,160.6994102,199.236069,223.5129283,231.704121,255.801167,262.3806784,316.9025472,284.2813123,346.7946586,412.0169719,450.9044819,428.6574975,461.2493184,390.0143302,448.9596438,458.3103621,508.6231814
Jamaica,96.92509041,89.37701255,141.3632687,118.768259,89.58701621,81.86127493,80.98588585,92.4599348,76.31075738,72.88374592,71.6092498,76.23430291,91.94697496,96.00453525,89.10428213,85.72847612,102.1056789,113.038959,152.7607016,147.9183682,131.1768837,138.9193866,138.3270465,133.332239,128.7237095,133.5571259,151.5440512,159.2829239,224.9074096,284.2851947,255.5289849,233.134476,220.5306511,217.3028772
Mexico,2404.34693,2534.889116,2813.656259,3002.951984,3775.108182,3153.770115,3347.767396,3354.424115,3459.45811,3639.79214,3756.9493,3717.696444,3593.653134,3584.308287,3453.136222,3508.775423,3290.533388,4415.42937,4390.675335,5272.636803,5021.644019,5481.697004,5803.346954,6138.870429,6413.144147,6023.130689,6735.127277,6102.399308,6824.937117,7501.6814,9801.895421,9442.013783,10065.2684,9910.698472
Nicaragua,108.8579601,90.2122315,60.43432455,50.98996994,51.78097106,51.88630318,46.6470489,45.93367752,39.49628662,40.62371367,46.65109134,42.44022986,53.86160784,54.95167129,49.39718289,49.49119716,52.02531357,52.04013882,49.28630747,48.81066057,51.57098921,58.22634535,77.74502749,80.97063875,87.55914272,107.4553381,93.65947023,96.20233487,91.03514582,84.70133943,88.26858541,83.47263587,84.21404786,88.19405314
Panama,134.7754402,143.1178602,140.9111487,169.4684375,177.5412317,168.1351844,173.9572122,200.1843408,175.4527329,185.9550794,0,0,0,0,0,0,0,0,0,0,0,0,0,0,0,0,0,0,0,0,0,0,0,0
Trinidad and Tobago,,,,75.45801983,82.06427954,,,,,,,36.96760859,49.73526399,83.536584,181.2821047,218.5092229,238.9342802,239.6596677,237.0729487,221.9381912,208.9971805,204.1123153,216.5026541,258.0454968,217.256874,221.0138,239.6333761,223.184026,181.6456118,186.9321505,183.206038,218.8151122,217.1632506,228.2010188
North America,,,,,,,,,,,,,,,,,,,,,,,,,,,,,,,,,,
Canada,19756.56336,18246.1887,18044.69725,17999.33344,17737.87031,16718.31041,15352.55152,14147.60368,14636.80627,15268.67345,15018.58368,15416.74595,15494.96078,15780.2406,16377.50516,17097.7919,17892.48707,19507.44847,21022.69791,21982.85468,19855.10649,20526.1018,19518.34081,18042.44676,18336.74861,21067.29493,21346.73883,25786.085,25667.01814,25397.61171,26265.59839,26100.89087,25567.94388,27257.02986
United States of America,728240.4455,643305.8861,677914.4348,641634.8596,608280.1894,568191.1648,537284.7019,534505.2785,522436.0283,523721.6604,543988.5978,548406.6829,615755.9324,700831.9426,763850.8322,799032.9654,810546.8128,832175.3188,892710.8252,962957.8152,990485.4121,978756.9911,924392.1264,853288.9558,800801.3245,782616.2688,780214.7603,772175.8555,795416.2822,840614.8126,880185.2356,870751.189,860692.2,880070.5579
South America,,,,,,,,,,,,,,,,,,,,,,,,,,,,,,,,,,
Argentina,4910.678161,4927.456338,4665.84154,4402.704508,4710.951531,4617.841654,4097.546031,4028.998682,4061.629108,4185.770623,3987.196337,3927.730266,3347.147752,3447.589002,3547.677767,3726.507262,3842.44152,4156.492402,4130.082686,4451.15087,4404.487057,4341.334681,4287.763885,4804.26896,4970.214734,4922.148481,4788.690234,5191.860537,4619.702096,4203.070025,3919.159762,3860.443497,4338.26131,2859.225786
Bolivia,367.5983256,357.9990852,342.6778277,268.2610159,329.9496055,325.3315435,319.3877178,387.2515764,478.6327001,381.9800858,380.7783921,436.7165583,391.0971703,445.5547768,424.1542958,403.0711833,393.1617519,412.3881596,624.4596313,489.2505215,854.8146654,567.1647467,669.5435304,715.1014837,749.6482335,668.2726351,576.9751055,622.5306522,636.9800372,615.5538469,523.9218659,546.401198,429.3655906,626.7555409
Brazil,12109.50738,9807.453368,7721.111334,10608.71637,12630.3043,14200.63567,13205.82725,13115.21129,14097.58101,14441.70765,15643.43168,18119.43481,18361.33076,14647.82954,15219.74744,16467.64593,17051.58144,18389.3097,19562.4082,21330.17911,23687.03918,22944.05054,23385.22913,23512.48956,23982.668,23426.88926,22237.62094,23687.18895,25258.96538,24169.83021,23137.36459,21913.89938,20542.06357,21175.66286
Chile,1902.117119,1800.226783,1823.38461,1991.571675,2109.669878,2295.053884,2313.694067,2469.344852,2568.842846,2657.702573,2794.469548,2857.444362,2843.706971,3225.771131,3656.920104,3759.822473,4283.725016,4217.672265,4476.88348,4025.910083,4529.676371,4827.82952,4531.127859,4584.888182,4652.549499,4640.561703,4793.356927,5026.789071,5016.008023,5013.656424,5547.273937,5038.489278,4649.295736,4875.412691
Colombia,1840.904263,1822.673486,2081.503246,2681.071904,2800.785123,3269.966935,5068.7595,3258.764619,3892.647568,4141.965974,4203.785113,4623.400164,4854.619945,5099.615691,5443.173382,5541.43335,5859.316546,6215.829699,7347.29627,7718.465041,7659.644621,7130.079501,7631.976324,8310.457666,8195.925731,8238.51192,8122.765796,8667.924045,8518.790575,9158.30832,9453.337575,9864.952741,9661.013162,9794.601742
Ecuador,5842.530809,5536.011644,5309.240481,5992.007222,5674.404494,8799.260876,6238.874119,5686.671968,4597.024839,1628.027444,746.0743,782.2959407,914.6228156,1240.096466,1159.621228,1525.071178,1470.179234,1982.181669,2297.588898,2587.044421,2684.109706,3010.472129,3023.190534,3109.060065,3056.949354,2740.876255,2606.859442,2543.861021,2639.333147,2422.314309,2441.22199,2492.303443,2586.48,2663.763901
Guyana,7.320315827,5.769117735,9.085034763,10.39803236,12.48193526,11.85013442,10.6832668,,,,25.42815276,29.05056622,32.52563441,30.63207116,40.53254221,31.9478127,31.08160763,36.46206031,41.4857764,41.06637584,39.55213974,39.37714608,39.85923996,41.21361549,45.8848294,54.79863251,60.55418107,68.35229438,70.49485876,75.41462493,85.22293884,81.193069,88.19824121,91.65230954
Paraguay,241.0785557,368.1935381,310.4845049,284.4525808,262.7974014,306.7008531,285.722918,235.2270194,218.8525152,196.2837513,190.4240398,173.1354664,166.9746349,149.2739146,176.9757027,157.1414259,179.9098301,184.6164545,184.5511231,205.1175228,226.9968342,258.6216776,296.4199775,326.0575328,344.067922,377.601756,350.9110266,340.4363307,370.9703457,375.4659036,394.6199329,379.5982087,365.6882526,385.0777236
Peru,1819.029856,1317.969229,1588.072988,1803.835073,1869.385651,2196.698853,2118.487065,1788.730174,1776.774932,1723.09691,1574.572036,1538.271981,1429.515367,1467.862884,1437.423544,1782.201497,1862.645325,1804.798844,1799.699496,2213.406844,2410.675803,2457.341085,2756.28489,3177.603893,3142.893875,3509.682623,2750.99636,2715.656191,2675.177463,2761.830527,2731.274774,2890.597896,2799.190985,2750.286767
Uruguay,1142.767408,798.6117354,970.8774997,937.0945936,890.9800565,916.9269864,985.7382304,973.6398613,971.1889597,997.1134432,983.1963601,975.5981721,899.2489569,782.603769,755.9878742,765.7382869,800.4508875,764.5659371,863.1871358,882.8528872,963.0748453,936.4061965,1021.174852,1071.986651,1106.153896,1121.940018,1149.47022,1214.259474,1319.901848,1274.347044,1306.88068,1437.213025,1297.897837,1411.13818
Venezuela,0.54074913,0.650855654,0.601649914,0.750745491,0.550675494,0.528895784,0.381961812,0.626428379,0.486790126,0.422888037,0.51882876,0.524451764,0.385192483,0.375031474,0.531670442,0.932095474,1.147554199,1.158875464,1.156292682,0.651879234,0.601903786,0.710795987,0.839386178,0.999467499,0.596745811,0.453787407,0.243075,1.859726669,2.232362185,17.23983296,10.60825978,2.006142096,4.627333502,3.569209517
Asia & Oceania,,,,,,,,,,,,,,,,,,,,,,,,,,,,,,,,,,
Oceania,,,,,,,,,,,,,,,,,,,,,,,,,,,,,,,,,,
Australia,13202.5266,13427.72963,13819.41732,14343.16322,14503.5795,14048.85259,13876.78941,14125.68262,14817.19155,15542.06021,15499.64657,16113.27117,16806.1107,17119.07327,17824.87898,18447.38171,19433.12589,20627.07245,21379.19609,22989.73432,23257.15527,22934.95625,22131.2283,21939.00135,23810.95496,26247.04476,28741.68244,28690.27593,28005.26473,28764.48617,30170.39183,32223.09754,32445.33043,31970.17476
Fiji,55.78096674,55.50448089,50.67900053,51.84409,51.30960888,49.72273395,45.58137534,42.75700937,40.62778611,41.61816127,59.86554284,62.88436167,56.47702785,56.70096257,63.25322272,55.54367322,69.58215586,86.32487695,56.22861872,64.03406885,59.53932437,62.55942965,58.8238494,57.69774342,75.71981185,47.30545584,58.07748155,76.63210745,80.33979538,79.10722439,73.73434842,67.86829047,67.37810472,71.66766613
New Zealand,2248.909684,2119.617866,1983.262042,1938.149656,1963.133636,2000.890181,2017.203149,1976.384635,1979.010283,2005.889728,2014.47181,1968.642642,1894.043527,1868.290073,1750.322841,1729.352761,1913.471539,1930.906635,1872.824377,1965.586566,2001.621342,1935.515719,1882.347524,1838.181044,1834.038372,1891.840633,2087.061223,2235.577093,2441.533639,2971.723443,3059.3338,2792.436093,2829.085839,2986.679176
Papua New Guinea,156.4131188,111.6766387,120.7392982,136.5969116,166.6534251,121.8293782,157.0387547,166.3635487,132.0113164,102.1821159,90.1114651,75.39137271,52.29129639,47.30494368,52.96835466,62.48959069,61.81895071,74.57540123,61.37700353,77.51364665,64.24479439,74.30391889,107.6458056,104.9612485,116.9623773,110.2662858,92.63460154,91.31125975,89.1156781,99.44946867,101.1911538,90.15448884,97.48777575,94.11025699
South Asia,,,,,,,,,,,,,,,,,,,,,,,,,,,,,,,,,,
Afghanistan,,,,,,,,,,,,,,,183.6483238,165.3780543,167.1894795,257.3663452,224.2921551,252.4079487,269.9126734,265.4850398,198.9558027,183.421702,223.7219699,178.9138711,177.2400563,174.272685,190.3353144,228.1065483,263.9042018,268.6006345,,
Bangladesh,924.2060355,941.3731075,1083.322402,1176.458932,1319.363896,1357.237648,1417.465128,1508.650676,1530.17129,1586.185015,1656.113405,1654.803261,1605.435652,1610.411097,1640.931917,1663.460492,1790.466966,1884.250405,1861.643921,2171.946313,2615.395299,2771.852776,2915.942669,2905.829771,3105.925214,3508.67775,3856.201581,3757.270384,4136.843892,4723.413952,4803.02006,4757.746569,4473.791826,4459.704236
India,21010.54272,19617.86489,18748.97468,21176.18276,21270.68467,21908.24709,22305.458,24691.41933,25761.27659,29938.37614,30892.77738,31968.73352,31869.78246,32581.35384,37846.22031,40276.8313,40603.17172,41093.66178,46610.48938,54876.60948,55097.28307,55603.63358,55321.45496,55358.07281,58055.35989,58606.92885,64584.08171,69133.65013,71568.22018,76620.72741,77085.46974,76596.8642,79976.78933,83334.46007
Nepal,83.48154731,85.60537769,88.93390191,92.71482281,92.15263335,91.1233324,90.64768158,96.03530106,97.45769502,105.3775159,115.8680139,149.8597963,199.4964733,222.3908822,265.5763098,293.6534895,276.3365619,265.9939322,280.4365216,314.5436019,329.9870625,341.1323078,323.6225092,354.6833674,400.8763552,384.9788767,408.998631,470.5929599,461.7260938,447.0674286,459.2391912,453.4211271,417.4952194,408.0275404
Pakistan,4354.19244,4661.14697,4956.086282,4930.759299,4789.094917,4871.88879,4870.609571,4663.547028,4663.507608,4709.621007,4719.70658,5048.996479,5429.74501,5802.245578,6040.710653,6287.193935,6391.234257,6435.697893,6067.548358,6252.904536,6538.511173,6892.575948,7309.541259,7560.47513,7952.296962,8638.293422,8933.85691,9792.526263,10952.02965,10818.69657,10642.27596,11096.3144,10358.13859,9025.066954
Sri Lanka,422.5888352,576.942879,646.4358966,692.467035,804.3331641,1353.811241,1264.987764,1122.496675,1176.886687,1059.982986,1417.972726,1183.778684,979.4017702,880.7826977,981.3778793,908.1217442,1048.589884,1284.22644,1470.239267,1518.560787,1415.321068,1484.263613,1339.905682,1375.967624,1613.423674,1738.923871,1517.377921,1580.004979,1448.434047,1464.649519,1363.948763,1400.779918,1002.002151,1141.614282
East Asia,,,,,,,,,,,,,,,,,,,,,,,,,,,,,,,,,,
China,23044.61479,24494.30992,29788.20849,27392.87553,26357.35857,27376.2088,29002.73552,30940.59104,33783.29833,41184.63607,44577.78415,52857.24996,60708.91422,65701.73067,72368.64849,79470.14337,91475.31027,100555.2247,110018.4489,133500.7177,140076.0284,150373.8666,165824.085,179306.6618,193619.0609,208818.9061,220839.6455,234421.6269,248153.1606,260242.5213,272509.0547,279605.7782,291958.4285,309484.3168
Japan,36225.83369,37140.96871,37699.06055,37546.91411,37534.10974,38155.70247,38849.81338,39178.97664,39223.54183,39019.27042,39223.88182,39910.533,40109.31747,40160.09355,39999.63906,39927.30939,39418.51887,38906.15248,38531.71847,39253.5286,39394.09712,39926.57329,39442.52986,39279.42167,39699.94813,40397.42151,40157.382,39891.73017,41899.82809,43091.61172,42722.20667,43660.12799,46880.19467,51887.97919
"Korea, North",,,,,,,,,,,,,,,,,,,,,,,,,,,,,,,,,,
"Korea, South",15511.95849,15935.3482,16915.32639,17694.90991,18206.79823,19903.23928,20183.09332,20679.75708,19957.67084,19422.29886,20617.25258,21206.95318,21791.36457,22532.22157,23522.09972,25439.76764,26356.62518,27550.34272,29352.65461,31198.0842,31457.30768,31888.31927,32700.25802,33690.8775,35016.19826,36376.4777,37287.92608,37973.84371,39899.70961,43113.96378,45382.45689,47359.24048,46365.42071,46897.50895
Mongolia,165.1342169,112.271293,49.52918016,47.12136666,40.98541463,57.80634848,48.8466226,44.57561183,46.23523764,47.25881675,60.07774549,54.92372763,60.18568071,56.89857854,61.97227537,60.03387656,73.53473777,96.04497031,88.23311314,57.00882024,71.27085979,97.40748927,119.1478377,110.2260851,119.0062176,118.0600624,120.8842178,119.6768164,114.3812426,122.4239785,126.7174434,121.5497611,107.5040976,131.662484
Taiwan,12788.53629,13159.00987,13303.30572,15081.1276,14898.86728,13806.22201,14243.20135,14183.35979,13267.00803,12105.95346,11641.87492,11430.94124,11054.83535,10949.27904,10968.40792,10553.10155,10124.07362,10713.01629,10908.26451,11748.48194,11103.85781,11209.73349,11604.57336,10959.3771,10895.81478,11483.48717,11286.09416,11436.04805,11189.28252,11933.76359,12459.77839,13463.88649,15261.44644,17014.26628
South East Asia,,,,,,,,,,,,,,,,,,,,,,,,,,,,,,,,,,
Brunei,414.7674975,413.1072739,394.4202239,348.8060186,360.2360195,344.2016893,385.7937998,448.9360651,404.8462947,361.9161687,342.532023,315.4303309,335.3249468,350.0062219,275.9421205,334.6223409,376.4800267,389.4657531,401.8794782,394.4645282,411.6042856,403.1291424,396.0512551,395.8208524,514.4387982,450.6871594,432.0856006,376.6507722,374.9075084,441.2542557,460.6392116,458.1683057,435.8573512,430.3769316
Cambodia,13.10052577,30.53990166,68.30594497,98.16724833,216.1038472,240.7449775,221.9231063,210.1817367,187.4608687,193.9530805,181.2096338,162.5393522,149.0667919,155.3783783,154.3298344,151.2106358,153.221256,145.0839667,122.2008237,208.8359283,249.4984353,262.6045855,286.6911531,311.5861304,343.4079971,399.8568767,455.2807211,529.4962786,611.7523678,659.6192889,672.6689636,661.103003,618.689402,658.599682
Indonesia,2582.519859,2626.515861,2827.938403,2714.924463,3000.620558,3158.010012,3533.513117,4644.12514,3036.640008,2307.398763,2374.056539,2110.674931,2551.288547,3430.597836,3835.421059,3331.220203,3382.631262,4067.692556,3779.26747,3965.077735,4656.716813,5338.550758,6129.617967,8240.983916,7260.817511,8443.526727,7879.748293,9083.9788,7986.570174,8381.707406,9757.959983,8837.007607,10133.92349,9384.799902
Laos,,,204.479834,202.5338452,204.9795071,171.6533997,131.4896742,120.6063392,82.20846751,36.24414427,28.69721012,27.70030037,25.57206133,22.41191307,21.21302366,20.73803114,20.79976134,20.78489281,19.27776429,16.10417993,16.19429994,18.12036875,18.53363074,19.07995536,,,,,,,,,,
Malaysia,1549.137458,2108.853135,2095.309886,2226.56159,2412.813226,2565.357671,2466.731063,2318.339295,1703.88479,2305.196043,2092.725412,2603.624518,2958.5153,3768.407689,3640.269001,3893.945317,3810.458282,4254.694253,4350.890903,4107.274475,3590.77614,4025.256424,3838.889621,4182.92727,4215.441732,4538.852469,4345.435313,3651.480449,3331.819659,3218.202244,3415.444296,3577.37525,3673.788248,3922.696896
Myanmar,510.9043605,443.4262363,513.7007705,591.2738707,628.3472533,668.033159,713.341765,593.1832119,488.8739738,484.1926749,652.9613249,585.2231877,426.1859903,634.1366437,708.0720059,716.1716184,,,,,,,2969.236076,3264.971489,3288.262752,3816.696153,3650.545651,3464.454523,2356.675942,2279.559408,3220.027517,3785.876093,3731.993506,3562.518634
Philippines,2167.923953,1972.056768,1990.798596,2156.134984,2258.17306,2513.029511,2634.637016,2352.891264,2323.568681,2294.051215,2423.781608,2286.129561,2406.784084,2682.024618,2527.130914,2575.00039,2662.560756,2916.437521,2916.874772,2805.077021,2946.607551,2993.538172,3039.629994,3469.846842,3219.00728,3522.686736,3626.802018,4309.631951,4577.612714,4563.817468,4700.651957,5303.770057,5321.933198,5258.634064
Singapore,4090.174071,4231.385493,4498.291639,4641.288441,4797.013995,5745.975017,6294.410229,7063.862576,7999.430131,8148.96576,7881.41579,8069.867781,8507.952177,8591.807296,8754.23574,9299.550822,9383.347675,9745.191284,9811.831112,10139.19852,9944.183017,9589.994949,9366.308691,9335.897652,9608.718382,10248.4326,10896.35909,11186.44947,11284.70679,11154.73004,10645.29421,11390.94862,12034.03724,12200.24821
Thailand,3918.329684,4338.428788,4726.975336,4860.493179,5258.234421,5247.026747,5160.897665,5013.187825,3956.625206,3515.889984,3357.01294,3346.308163,3332.20466,3326.544109,3261.439109,2985.554376,3032.722664,3437.766931,4284.554007,5287.059759,5663.993994,5213.401766,5410.441309,5376.823931,5605.026651,5805.023992,6104.202239,6415.284396,6587.400038,6751.417794,6996.172148,6885.707137,6030.950057,5639.779544
Timor Leste,,,,,,,,,,,,,,,,18.04484742,36.0835933,45.39383479,41.47389105,63.54674583,43.05431029,29.51123623,42.92851362,36.70360431,34.02947246,42.1827189,30.36883805,29.31778053,23.21702878,38.38334821,42.70110096,41.96751762,44.311,51.99129149
Viet Nam,2174.797205,1546.784882,976.1985319,765.0128672,1043.25276,,,,,,,,,1927.983644,1974.26952,2059.774579,2424.677062,3123.835746,3077.104858,3390.888051,3768.561594,3517.717246,4096.412694,4283.576371,4747.167164,5189.130044,5615.855098,5599.171969,6030.984844,,,,,
Central Asia,,,,,,,,,,,,,,,,,,,,,,,,,,,,,,,,,,
Kazakhstan,,,,434.7708329,278.505228,287.4251238,310.2790412,290.064859,287.9983355,240.7422398,252.2788894,370.9271335,406.5457087,481.2425788,549.8902189,693.1139041,810.369619,1218.39887,1156.91401,1091.082989,1198.395609,1321.038548,1543.042909,1742.461649,1738.976835,1789.666353,1510.055374,1449.959442,1561.746733,2039.146372,1724.320025,1712.704014,1163.053994,1062.738359
Kyrgyz Republic,,,45.23398283,26.63457567,28.14572845,43.28164768,41.10098315,49.73213504,45.24905752,54.80453348,62.95811304,51.42290979,57.03269256,64.75088996,69.41154911,68.23029387,75.22021416,68.3925576,64.63457011,78.03837626,88.98340222,85.69769183,105.6895922,113.054238,125.2328282,129.1644924,137.9258715,138.2306676,142.5227977,144.882301,152.773021,300.8773986,352.1328098,433.6367178
Tajikistan,,,38.8384915,138.4642361,43.92077833,12.64911532,13.60861534,19.50355311,22.33106386,18.679497,16.14294925,16.02662353,34.13573665,44.1928427,51.866752,,,,43.33370573,44.54292461,50.01978243,62.16526331,64.54812394,,82.5146714,94.05766187,94.73146319,87.86423428,92.56583028,90.89842664,84.87496255,100.1103986,203.9420833,131.969855
Turkmenistan,,,,,147.2091222,131.25624,126.3354244,191.2387781,162.1485539,175.3893596,,,,,,,,,,,,,,,,,,,,,,,,
Uzbekistan,,,,,29.78067653,24.91905772,33.28721484,38.6828132,,59.11036077,50.86276127,43.82745527,37.29643132,39.46743976,,,,,,,,,,,,,,,1678.920692,,,,,
Europe,,,,,,,,,,,,,,,,,,,,,,,,,,,,,,,,,,
Central Europe,,,,,,,,,,,,,,,,,,,,,,,,,,,,,,,,,,
Albania,306.2514067,216.5188105,165.5498925,151.5335145,144.8473918,134.9758915,121.2102603,84.62969808,80.01907403,92.67095071,102.4987113,116.4733185,116.3104165,130.6625237,142.8088332,147.9400132,181.7099264,224.8811409,264.9787327,209.6515986,225.2211678,224.0204163,218.9302366,206.1217308,200.3290352,174.4484528,167.9015605,174.2453468,188.6156233,212.1836043,205.6966059,217.8604825,228.6931596,339.9297818
Bosnia and Herzegovina,,,,,,,,,,,,,387.3581273,269.6130154,241.7414524,201.8159265,194.0324128,191.593782,199.3137238,219.2700527,204.5153764,181.0796927,178.8065033,173.4322537,168.7218777,173.7764076,172.3836329,166.0204244,172.1401734,173.4419523,174.3139432,172.5678325,166.5450427,199.986238
Bulgaria,3670.722974,1987.162607,1501.579533,1134.817605,972.1191661,957.0451969,785.2089135,733.1533281,847.7798355,961.334612,990.9917271,1097.510083,1107.40779,1126.555071,1052.703598,1077.010803,1066.196589,1247.067896,1218.251592,971.8485036,916.6636031,762.2745396,763.3193647,823.3628024,769.5641759,780.1571571,835.7665948,866.5261815,1069.791597,2456.21039,1230.005378,1307.951147,1436.90137,1721.36822
Croatia,,,2054.845558,2609.59897,2932.687182,3119.139792,2923.339895,2949.208088,2273.784401,1773.225627,1256.536394,1164.095002,1259.34674,1019.177579,925.9648832,966.1574808,976.5575725,1004.981465,1153.88819,1051.389682,974.25334,1008.449658,921.751251,880.8640531,988.4607952,983.9762587,935.8592352,994.2936393,971.2750527,1053.73893,1028.79688,1340.293113,1282.110613,1290.519382
Czechia,,,,3125.634087,3228.683776,3096.271746,3071.808968,2904.634234,3152.817232,3418.605728,3529.844573,3395.830671,3624.821882,3936.500276,3779.441776,4132.187003,3817.229444,3683.879868,3140.797855,3233.700394,2933.530626,2641.801159,2539.534437,2421.695504,2409.778177,2504.927895,2715.218623,2711.794303,3197.772535,3523.216073,3863.83062,4206.866148,4005.428326,4328.59104
Czechoslovakia,12346.73467,8098.762029,8215.306725,,,,,,,,,,,,,,,,,,,,,,,,,,,,,,,
Estonia,,,59.67915026,80.37556698,102.2550406,101.3203578,98.57369387,131.5583389,139.2793755,173.1842554,204.2512186,238.3370191,284.5726941,328.9277858,346.9546392,332.3102455,364.2199378,493.2745426,482.8893786,418.3767795,400.5816442,426.2329629,497.9810132,514.434471,550.6447748,599.2443182,644.16171,663.0174848,697.1947393,744.4740474,827.9664203,794.9201572,818.2789637,1052.869699
German Democratic Republic,,,,,,,,,,,,,,,,,,,,,,,,,,,,,,,,,,
Hungary,2335.38297,1754.07843,1694.558857,1459.595832,1445.199369,1088.482665,1023.663565,1259.074062,1125.022259,1285.788131,1418.954805,1558.548514,1701.973909,1837.002094,1700.96133,1683.804981,1508.813204,1536.745498,1428.214349,1273.015491,1142.003278,1157.779979,1102.072872,1042.138062,1026.498303,1154.649897,1319.024173,1665.185642,1507.600889,2127.566087,2756.957466,2248.602092,3256.817191,3884.691369
Kosovo,,,,,,,,,,,,,,,,,,,0.917246619,29.10162295,41.79589384,49.01407804,44.05393456,46.9181835,51.54241763,57.83791896,60.10076427,64.35678532,66.9687809,71.32560701,84.02701377,79.0025916,107.6015802,123.7955296
Latvia,,,,102.14,119.3467595,115.6528288,89.91532335,87.07091176,93.80618735,121.926585,152.3131805,191.1844723,312.5802447,360.6224506,389.2739666,452.9868388,569.4509659,620.7651344,608.2094851,386.2694831,292.4684298,302.6669747,278.2280134,298.7287118,309.8127991,353.7054241,509.7900309,578.8772757,789.0830118,789.2150977,829.5404195,858.750715,856.1427718,926.1007356
Lithuania,,,,193.3402619,104.2870581,108.5736472,120.8952669,198.660956,345.53203,264.2751668,345.1717826,404.7271975,403.4702712,394.6448916,455.2719673,496.3041872,549.3151711,598.8564464,617.5966877,465.9340088,388.9391438,375.4883203,376.0764818,389.1258366,467.898921,623.3799052,835.4428423,1014.600557,1221.624889,1303.128638,1357.531421,1391.222286,1734.372765,1924.409675
North Macedonia,,,,,,,161.8226072,127.3328012,130.872159,116.1434475,133.0233085,423.0640307,183.7181153,167.5410569,178.7544429,166.5438483,158.5291038,183.3290218,168.2329663,164.1103754,139.6020965,130.2389737,123.0401302,122.8608818,121.0562915,116.9146684,121.7834602,115.2053043,127.9270271,163.5402511,167.1157615,206.7488081,220.2141874,235.9069517
Montenegro,,,,,,,,,,,,,,,,84.12438585,83.07122548,75.12536505,85.57083437,78.57565584,80.18569045,78.05825289,69.17575029,62.71505958,65.85172594,65.34293417,71.27595711,73.08951486,77.63069188,80.02944852,88.35118343,91.39455105,98.01151901,102.9763659
Poland,6646.886549,4680.265985,4534.676848,4969.716153,4961.427467,4992.448021,5253.732085,5757.185722,5979.041133,5886.792955,5721.859371,5900.830578,6002.202261,6245.437527,6541.796272,6987.74145,7428.321453,8391.23158,7632.399013,8050.611606,8434.908363,8552.858319,8627.608299,8557.751676,9520.936824,11330.45664,10702.86237,10944.68392,12396.73264,12605.48491,14426.15677,15153.71223,15341.31342,26778.82162
Romania,4249.651659,4407.793876,3448.007595,2081.507136,2482.185961,2420.251896,2352.055597,2637.216216,2395.200147,2161.61406,2057.547087,2157.870971,2146.231792,2213.849492,2380.690049,2517.603114,2595.371796,2488.848646,2742.993783,2332.337505,2148.07243,2222.093438,2161.621907,2326.347139,2542.159267,2932.634412,3094.198251,4198.377469,4669.377512,5111.309706,5467.412086,5348.190882,5187.965337,4944.737069
Serbia,,,,,,,1194.248442,1325.509506,1213.342937,1137.245843,1645.394332,1310.117171,1449.120324,1269.818553,1173.175797,983.2142236,992.055855,1118.578887,1085.356059,1067.059925,1035.279925,994.3288078,961.2216814,930.9841965,940.1290778,904.8196899,896.2299644,1000.714322,896.6380648,1452.43388,1364.986209,1455.043288,1723.486852,1844.608309
Slovakia,,,,1108.545952,1144.202812,2026.378891,2013.82981,1620.027394,1267.020838,1106.95893,1150.587724,1296.006814,1315.727731,1395.474667,1296.339073,1404.833966,1424.969434,1441.383101,1477.187103,1411.592772,1235.662338,1060.325636,1060.829669,960.5339055,991.594067,1176.068325,1206.15285,1227.286661,1405.896684,2007.966147,2197.380393,2070.978438,2085.664762,2337.1043
Slovenia,,,503.1762611,431.7764664,419.3904996,478.3196553,490.2971952,470.3873418,469.7332343,441.8592032,402.1230808,493.8173036,547.6243084,570.3496261,604.9339864,616.6633816,706.4732782,710.6848618,752.6080232,758.0231674,754.8393993,609.0671357,524.397435,464.9199658,445.5182786,441.6586285,496.6722601,509.0977322,531.596424,596.6356494,580.980332,738.3204432,775.1562934,822.8176916
Yugoslavia,,,,,,,,,,,,,,,,,,,,,,,,,,,,,,,,,,
Eastern Europe,,,,,,,,,,,,,,,,,,,,,,,,,,,,,,,,,,
Armenia,,,183.2232766,67.57600316,,166.9976546,144.0298036,183.1406443,180.6493866,194.4094422,197.067073,191.3516609,189.2569816,217.948457,240.4909137,294.2253366,347.573195,407.4164504,472.8516968,492.8930968,514.9482029,471.8723148,483.1711335,543.9515105,552.3112235,597.8750373,587.8354849,601.706741,679.1834519,846.0987844,821.9379319,777.2407439,795.20158,1152.82903
Azerbaijan,,,359.4008222,378.0328055,190.9941852,157.9382624,139.0648091,159.8310963,182.1428498,237.7420912,252.1430956,285.1985086,307.0881069,382.982035,464.2563108,543.3081563,1116.126302,1743.727218,2346.505284,2072.771918,1364.80101,2596.815693,2694.072405,2725.110984,2735.096224,2906.68407,1938.721735,2034.98655,2140.923929,2313.619115,2717.178377,3077.627477,2991.035294,3228.238282
Belarus,,,247.630185,351.8659957,353.3648534,139.4308429,107.0262311,175.1663392,163.9282618,164.0496549,181.6691229,226.3465167,235.3036498,237.8392191,287.8587452,374.6154634,486.5732787,530.8918163,544.0567023,481.697765,541.9362345,581.9152747,653.9233249,699.8228941,583.8442479,626.492895,791.8230293,749.1175049,926.2149204,877.1873767,928.0546701,974.5364538,1105.174741,1248.816138
Georgia,,,,,,,126.4929686,78.88548893,76.16869786,58.64380491,40.00676512,50.76853469,72.60936066,88.32470084,123.3026603,327.4905862,556.3431629,1101.52405,1045.602446,637.755452,477.9774974,430.0749212,446.1407604,405.717041,393.0415418,350.0080508,376.1074345,381.7661327,392.0538748,386.6799638,373.6488528,370.7264016,360.3441707,441.9025534
Moldova,,,,45.15599631,39.9082596,50.34222307,48.03011555,48.92759191,32.16875036,25.5320701,19.53829996,21.56829818,25.28931072,27.48226732,24.5567847,28.58580917,36.3311436,41.28384589,50.81915367,36.74715234,28.02298299,30.93334677,31.72826354,35.27548907,38.62937585,39.49080207,46.84425624,45.87575192,48.9705414,55.52805668,55.16065056,62.33070935,47.74981511,79.2995817
Russia,,,54793.46978,47899.15769,45281.10981,29793.19623,28131.68256,30755.53954,18290.10735,20311.5119,27404.92056,29616.51737,32808.9466,34401.39655,35956.85232,40861.71417,45227.71644,49230.43209,54093.17434,56753.99492,57907.72369,61801.30044,71606.15691,75095.79347,80481.93654,86743.29143,92992.4755,75353.78432,72514.62638,75764.91472,77544.91006,79081.15017,102366.6365,126473.3543
Ukraine,,,,396.692642,1745.886223,1876.05747,1808.170626,2241.003801,1811.400588,1668.654693,2069.130281,1747.702274,1858.546519,2147.440388,2317.856957,2807.024732,3149.095275,3827.653775,3744.564655,3430.123424,3450.529901,3170.532037,3550.004558,3774.057997,4522.901202,4942.362349,4962.116028,4790.980795,5779.819441,6697.098656,7432.215517,6879.288351,41183.92747,62076.24369
USSR,256241.614,,,,,,,,,,,,,,,,,,,,,,,,,,,,,,,,,
Western Europe,,,,,,,,,,,,,,,,,,,,,,,,,,,,,,,,,,
Austria,3483.406591,3499.227819,3397.475349,3430.1558,3445.23343,3414.97547,3382.997736,3390.59808,3399.852144,3469.351412,3553.066767,3310.632134,3252.495536,3387.224281,3393.197206,3320.318043,3189.184442,3792.630451,3675.46747,3432.056187,3412.348905,3334.766182,3290.764707,3163.026683,3188.815042,3049.091223,3281.431409,3445.492585,3466.510136,3544.844967,3952.569217,4051.202049,3612.733178,3981.109213
Belgium,8066.589288,7952.531639,6529.890474,6200.856853,6166.937781,6040.999036,5926.088247,5851.565865,5849.946083,5926.169707,5925.75285,5665.237069,5493.373921,5552.98694,5437.3336,5239.338115,5198.61353,5609.548646,6115.544144,5760.03925,5516.826544,5323.233031,5263.911528,5129.615187,5046.460516,4859.260706,4839.403461,4842.473051,4948.255195,5058.982933,5508.644614,6081.731889,6890.1613,7245.192387
Cyprus,718.9827621,705.7734287,966.0092794,433.9957176,456.3343639,409.2675267,614.2075773,778.8209719,695.2483117,429.9584894,458.9030567,541.8347919,370.4135919,358.5030855,372.4816575,404.7285564,398.2309009,377.4847709,378.7396058,413.4552151,428.9858735,397.4717488,362.8876084,327.4227353,308.7701817,345.7538881,316.8362879,375.8888687,443.9572856,480.5649179,495.3322772,522.3248223,532.5123899,506.3762663
Denmark,4262.168553,4339.271442,4259.389648,4270.862198,4163.993526,4119.683269,4132.748968,4185.74126,4231.934371,4206.094522,4068.700481,4320.719346,4269.026205,4144.094129,4167.949722,3971.156462,4340.687519,4186.996599,4347.734191,4088.14115,4352.556896,4056.93386,4183.715924,3837.415727,3668.781127,3630.456471,3870.531423,3948.599952,4517.086417,4660.946223,4956.698887,5049.079271,5475.015488,7624.636908
Finland,2486.559356,2596.388001,2643.799937,2569.529225,2527.184722,2273.847291,2517.504847,2707.631945,2766.705916,2410.406222,2548.395745,2428.370418,2476.279322,3144.033451,3334.04215,3429.984116,3491.891161,3289.886059,3546.598433,3723.125848,3640.686734,3698.967113,3744.331185,3767.933547,3574.420909,3654.602997,3668.94088,3606.106439,3710.932711,3749.529156,3907.925282,3650.493545,4446.368019,6847.396638
France,51884.48016,52222.36568,50579.36047,50018.98903,50276.3215,47787.45575,46650.76128,46819.30508,45574.85761,45958.23889,45438.39631,45298.31559,46229.0158,47623.50514,48923.68119,47920.87216,48141.67701,48123.53317,47773.80067,51308.40796,48876.19294,47422.70607,46694.24669,46391.71766,47199.07524,48490.26313,50370.30537,51033.02602,49774.04467,50596.38264,52053.61602,53011.69842,53638.74877,57124.716
Germany,63636.364,58891.92322,56009.49478,50351.44439,46957.98315,46185.251,45282.22883,43610.75428,43761.38054,44646.06201,43941.69859,43219.47363,43337.03641,42744.79292,41435.29908,34532.93103,39879.24328,39940.24097,40884.57322,42432.92009,42536.16341,41673.82245,42864.63431,41280.07244,41328.98326,42038.60915,43862.88953,45120.98357,46366.15424,50860.82344,54191.8546,53715.83999,56153.12124,61187.42492
Greece,5860.944132,5558.670996,5776.685739,5638.489998,5735.624995,5858.298316,6209.249036,6616.789019,7210.270457,7548.729953,7967.241814,7791.806326,7643.284717,6548.134147,7199.322315,7784.959288,8094.197735,8087.772648,8991.008196,9426.707938,7244.037431,5832.400054,5158.510211,4817.032934,4777.771688,5066.732174,5277.898121,5273.683563,5636.947099,5542.719377,5912.419898,8093.749647,8745.382719,7227.519049
Iceland,0,0,0,0,0,0,0,0,0,0,0,0,0,0,0,0,0,0,0,0,0,0,0,0,0,0,0,0,0,0,0,0,0,0
Ireland,922.3196753,966.2852018,956.0582787,963.393766,985.2659744,993.2551117,1046.361928,1108.455116,1117.769633,1156.307681,1186.341647,1287.248579,1236.202299,1185.085083,1203.239129,1218.77854,1208.590906,1217.371217,1260.884186,1244.870282,1186.180284,1124.505915,1064.967126,1059.224061,1055.41567,1058.483994,1066.284015,1071.93444,1095.214461,1149.687561,1165.269485,1215.528226,1164.312099,1174.984593
Italy,29341.30924,29754.942,28899.77314,29053.8858,28335.59867,25878.94556,28515.47999,29900.04154,30889.16329,32097.45752,34238.35046,33676.08598,34596.53218,34877.89251,34992.13646,33665.35376,32574.67448,31645.21777,32955.39163,31875.22255,30965.01173,30323.86819,28030.19763,26956.79341,24885.32809,23828.8403,26994.18175,27769.83555,28047.33674,27280.52948,33492.26904,34867.44847,34691.88116,32634.77375
Luxembourg,148.9460702,164.4581887,171.6664905,156.4539572,172.5646357,168.4466651,173.9060656,187.8313022,201.538855,204.4500166,208.7159107,261.8040517,233.5583705,247.1201566,259.5955851,262.6756628,257.1591713,266.6573485,199.4013502,197.3094061,248.8040895,214.8656397,209.2925115,216.8121402,232.5965886,274.1418589,258.768375,343.9312396,354.0454085,394.2220769,427.7094888,381.3787764,509.9087482,625.2239175
Malta,34.16520523,34.83961976,41.51759683,44.10709393,47.36770477,47.35462009,50.64603916,49.19125489,45.1555727,43.69092384,42.46951678,45.33153468,44.76639546,46.18795138,48.75496187,61.5123006,49.94257223,49.99963787,51.29070333,55.88882766,57.3743226,50.52578192,47.69245882,49.14753786,51.51711551,55.87047842,64.13566007,67.13276586,65.67177154,81.76499172,85.78474378,83.03492099,78.3034069,103.6163969
Netherlands,13246.1998,12877.05521,12803.94499,11765.8613,11346.46848,11024.34569,11095.12382,10986.21564,10949.49121,11487.26651,11029.3993,11319.91494,11307.5887,11470.95064,11554.24085,11574.57106,12121.11742,12284.48765,12072.18442,12332.71735,11813.47597,11416.52656,10727.72449,9992.09933,10006.00827,9981.81003,10493.40552,10722.74953,11627.23105,12895.33512,13637.43432,14083.70324,13632.44339,15560.06637
Norway,4535.144933,4397.93505,4766.072375,4441.37981,4670.01656,4217.418208,4275.215945,4204.215277,4482.739381,4505.161284,4355.582981,4384.230396,5268.609394,5065.33512,5193.760873,4886.517613,4877.099407,5188.663216,5217.732159,5535.789301,5449.302188,5552.070956,5653.210248,5784.509698,6035.183731,5991.258822,6218.066809,6862.618827,7230.121954,7649.90093,7750.435725,7976.932485,8697.821939,9005.210724
Portugal,2615.414118,2695.915642,2768.286271,2679.908848,2607.06641,2799.886781,2700.994518,2755.125414,2698.108363,2838.209628,2922.81646,3040.979298,3123.979996,3035.030405,3246.664385,3498.323014,3375.429058,3168.773784,3239.555923,3466.520996,3395.706308,3219.654818,2821.522488,2922.024063,2698.813497,2829.310642,3390.246161,2820.808318,3168.686716,3384.235157,3292.775428,3723.429339,3566.560368,3904.192984
Spain,17954.52163,17255.55029,16833.14998,16402.2104,16571.48486,16703.02424,16175.65731,16017.6335,16809.97512,18472.93517,19091.58878,18879.71025,17500.31026,17761.1894,18565.32674,18796.48298,19412.07223,20133.08749,20022.37489,19221.18759,19345.85648,17846.65207,18048.95571,15746.21301,15723.0617,16712.90058,15497.26215,17150.86216,17813.74503,17986.49287,17973.51054,18840.91918,20306.57063,22293.18766
Sweden,6191.314126,5752.147525,5658.1605,5591.716847,5499.44107,4788.540519,4139.404397,5534.693571,5722.328641,5972.878302,6155.422925,6092.59823,5715.183679,5673.593838,5339.434675,5408.861086,5324.630665,5464.226183,4860.050819,4766.247376,5158.16059,4850.034156,4951.417996,4980.194683,5276.343375,5333.037789,5403.443496,5403.18311,5581.528685,6074.860567,6322.112077,6968.610722,7722.479441,8620.012709
Switzerland,7970.629365,7695.012291,7471.893018,6634.623154,6574.454942,6652.051735,6294.578468,6067.21066,6052.979426,5602.75095,5519.104625,5389.937081,5159.162929,5024.894638,4931.671557,4854.406011,4620.84825,4649.896846,4762.939346,4757.90284,4595.81577,4718.747301,4632.245044,5029.374754,4556.686853,4745.755278,4936.271998,4965.635959,5000.863414,5369.481496,5831.317114,5400.831896,5652.315106,5817.009764
United Kingdom,65764.91728,66524.56549,62135.87822,59297.62701,57666.19199,54087.28524,53570.20742,51667.80092,51836.67733,51560.40998,52598.51351,54681.71678,57932.47405,62057.2928,62827.33251,63414.76729,63705.65808,65440.07217,68305.01266,69399.41423,68232.95685,65926.17147,64095.50376,61752.20532,60648.08086,58316.71578,58113.41132,58219.58414,58657.77256,61094.44969,62064.89124,63008.18952,64081.63428,69153.23405
European Union,,,,,,,,,,,,,,,,,,,,,,,,,,,,,,,,,1283.162385,923.5913626
Middle East,,,,,,,,,,,,,,,,,,,,,,,,,,,,,,,,,,
Bahrain,364.5713942,397.9860594,422.8355803,412.3660672,416.8154661,432.3919302,461.0272031,450.0831991,462.9391153,518.1446226,514.2048557,539.7675608,647.0720923,739.8973456,745.2455786,701.0318493,768.7782852,833.1578573,901.7147477,1009.079464,1007.143013,1239.97389,1380.283881,1523.165818,1624.448117,1559.021167,1583.557213,1590.093763,1552.441545,1567.218864,1446.894862,1431.468348,1381.31383,1370.076917
Egypt,3463.185515,3485.478404,3415.815643,3315.328476,3476.962901,3422.042811,3465.196875,3546.936183,3571.114777,3582.97658,3830.223194,4622.458869,5218.918887,5332.74508,5045.311294,5035.466111,5152.349901,5188.852628,4832.294412,4690.158139,4688.93055,4553.558798,4430.68515,4392.218204,4794.622235,5082.991817,4788.783523,4040.789076,3970.294179,4121.767754,4448.216938,4811.013433,4645.922048,4091.150336
Iran,2066.41702,1863.077633,1616.914034,1893.513331,2336.899833,2292.408877,2527.895372,2819.721481,2821.912276,2854.182426,3142.349421,3498.100676,3765.307702,4394.657298,5679.024536,6753.036402,8086.076668,7435.637984,7153.508114,7484.663855,7615.925263,6573.100684,6843.379578,5511.063957,5494.872235,5842.485803,6707.372346,7546.687368,6384.638921,5515.958821,5811.30304,7068.091439,7334.035773,7375.617214
Iraq,,,,,,,,,,,,,,,1913.239907,2582.535656,1853.819052,2837.174572,3750.402771,3574.791079,4028.377156,4340.860023,3947.191608,7278.067335,6335.150479,8677.04295,5431.368205,6746.047202,5730.86764,6945.896409,5159.912359,4969.106631,4683.139093,4523.33079
Israel,13743.58525,18671.2597,14094.37362,15499.17301,14715.33282,13672.39958,13929.86376,13943.4415,13745.80933,13455.20863,14260.84212,14858.38495,14864.21437,14619.50578,15107.8147,15481.31872,15716.24309,17622.32024,17846.24636,17484.2409,17607.26879,17720.86576,18063.45144,18627.36457,20053.92689,20335.14527,21412.68634,22325.92298,22602.38635,22737.20328,23685.71154,24413.73661,23406.07457,28956.83373
Jordan,841.8516152,1072.988178,874.3736979,917.3936112,932.0108913,670.9566028,887.9985829,917.1369339,994.1289751,1019.017644,1046.566986,1027.520636,995.571594,1148.519557,1065.569613,1059.298637,1158.629114,1627.874689,1881.012512,2188.903072,2073.866655,2038.153047,1800.954805,1685.533647,1755.874394,1846.953957,2039.536109,2163.885545,2090.70348,2153.719256,2171.70831,2268.819157,2323.347887,2386.124457
Kuwait,21046.85168,27428.84755,13902.23773,6726.457981,7136.35477,7826.77811,6656.25801,5071.619352,4731.690705,4597.587237,5367.823862,5275.453259,5443.785031,5866.692585,6314.471317,6110.978524,6041.09655,6416.790071,5908.120045,5743.806713,5638.467524,6443.012645,6972.45904,6596.911027,6583.999427,6631.44946,7251.835119,7479.411488,7849.472647,8034.784328,7480.932973,9220.503785,8244.121401,7522.480047
Lebanon,592.7361006,564.4624989,1005.641361,838.5333348,1051.90254,1077.635524,945.5822642,792.5703228,763.8902078,906.2043757,1019.216868,1054.346497,980.9019676,985.6159854,1002.141062,1017.801596,1010.622746,1109.134845,1016.389766,1224.867937,1309.429114,1279.782825,1297.222031,1363.27928,1569.643235,1608.764067,1887.839814,1715.384273,1838.842208,1601.474129,660.1880776,258.214683,218.747732,194.7415674
Oman,2382.910424,1974.2864,2364.460539,2218.874679,2357.862696,2375.03195,2243.651705,2322.043029,2056.509082,2080.5593,2477.755225,2882.48866,2967.713914,3120.669052,3512.907861,4232.582971,4510.939952,4575.445138,4344.984116,4084.109159,4312.250172,5645.41539,10144.23364,9513.650655,8823.522171,8087.767678,8426.31169,7109.447394,7837.449316,6777.595192,6364.039799,5946.241143,5783.485046,5790.938321
Qatar,2042.926174,2215.873235,,,,,,,,,,,1476.927795,1489.061114,1372.487521,1449.336256,1556.223221,2005.307599,2585.651038,2284.911212,2255.656166,,,,,,,,,,,12112.17976,15412.08791,
Saudi Arabia,30324.43862,28918.66032,27179.93991,28806.19958,24863.63202,21917.06972,21881.66879,29716.27906,34327.28732,30552.63978,33673.64499,35867.64832,31482.97954,31706.78772,35183.49059,42487.33807,48399.08891,55749.7628,54716.88092,56231.07747,58525.69855,59320.64557,67134.58164,76920.45709,90665.3968,96710.10719,69196.88482,77154.4232,79809.01104,71410.02628,68182.1609,64758.14931,70920,73983.88103
Syria,,,,,,,,,,,,,,,,,,,,,,,,,,,,,,,,,,
Trkiye,6337.108101,6514.359037,6852.087147,7575.833242,7406.791907,7609.137492,8515.955207,8875.393633,9299.940425,10268.52287,9937.635308,9110.039193,9693.064945,9014.174414,8376.885498,8073.80366,8451.481525,8149.113039,8266.421797,8845.149603,8688.667228,8763.199554,8978.265529,9220.532735,9287.80973,9557.18717,11205.16267,12026.71,15265.22534,16227.36667,15275.00359,14322.04618,10779.89628,14744.31244
United Arab Emirates,,,,,,,,7328.255479,8641.220904,8933.560057,12235.56693,11744.56978,10537.98237,11136.51715,12386.73427,11300.2051,11218.75116,11920.70509,14521.43725,17096.41383,21440.78095,23290.64356,22947.24449,28110.22561,26526.22498,,,,,,,,,
"Yemen, North",,,,,,,,,,,,,,,,,,,,,,,,,,,,,,,,,,
Yemen,7734.509617,7245.497836,7116.245921,6158.841442,6318.285095,4744.346801,4319.048307,5539.717403,5320.277137,5767.880636,6863.425529,7293.827064,9237.721569,9531.989924,7773.868339,7991.222022,7477.07717,8939.661846,8592.358775,9829.601011,9755.79227,8846.072952,8103.987554,7456.601841,7174.020509,,,,,,,,,
